,Sample1001.mdl,Sample1003.mdl,Sample1012.mdl,Sample1016.mdl,Sample1023.mdl,Sample1028.mdl,Sample1044.mdl,Sample1053.mdl,Sample1057.mdl,Sample1081.mdl,Sample1091.mdl,Sample1108.mdl,Sample111.mdl,Sample1125.mdl,Sample1155.mdl,Sample1188.mdl,Sample120.mdl,Sample155.mdl,Sample161.mdl,Sample165.mdl,Sample170.mdl,Sample180.mdl,Sample2.mdl,Sample21.mdl,Sample215.mdl,Sample231.mdl,Sample260.mdl,Sample261.mdl,Sample274.mdl,Sample275.mdl,Sample288.mdl,Sample289.mdl,Sample292.mdl,Sample295.mdl,Sample299.mdl,Sample301.mdl,Sample319.mdl,Sample32.mdl,Sample323.mdl,Sample331.mdl,Sample333.mdl,Sample334.mdl,Sample335.mdl,Sample341.mdl,Sample354.mdl,Sample355.mdl,Sample361.mdl,Sample362.mdl,Sample367.mdl,Sample37.mdl,Sample377.mdl,Sample384.mdl,Sample39.mdl,Sample404.mdl,Sample409.mdl,Sample424.mdl,Sample425.mdl,Sample44.mdl,Sample443.mdl,Sample448.mdl,Sample467.mdl,Sample485.mdl,Sample486.mdl,Sample487.mdl,Sample488.mdl,Sample490.mdl,Sample498.mdl,Sample511.mdl,Sample527.mdl,Sample531.mdl,Sample532.mdl,Sample541.mdl,Sample546.mdl,Sample567.mdl,Sample57.mdl,Sample580.mdl,Sample594.mdl,Sample60.mdl,Sample607.mdl,Sample612.mdl,Sample615.mdl,Sample617.mdl,Sample646.mdl,Sample656.mdl,Sample666.mdl,Sample673.mdl,Sample674.mdl,Sample676.mdl,Sample681.mdl,Sample683.mdl,Sample686.mdl,Sample69.mdl,Sample706.mdl,Sample716.mdl,Sample730.mdl,Sample732.mdl,Sample742.mdl,Sample744.mdl,Sample745.mdl,Sample752.mdl,Sample754.mdl,Sample771.mdl,Sample788.mdl,Sample792.mdl,Sample807.mdl,Sample809.mdl,Sample811.mdl,Sample818.mdl,Sample823.mdl,Sample839.mdl,Sample840.mdl,Sample845.mdl,Sample847.mdl,Sample85.mdl,Sample862.mdl,Sample864.mdl,Sample870.mdl,Sample874.mdl,Sample900.mdl,Sample91.mdl,Sample92.mdl,Sample951.mdl,Sample953.mdl,Sample974.mdl,Sample983.mdl,Sample984.mdl,Sample990.mdl,Sample992.mdl,Sample994.mdl,Sample997.mdl
Sample1001.mdl,0,27,26,33,40,27,27,48,34,51,85,32,29,26,27,53,27,29,33,28,36,28,114,30,24,33,52,33,26,139,42,26,29,33,31,34,28,118,32,40,29,112,29,28,71,30,112,31,121,33,54,45,36,27,29,118,52,28,33,64,121,102,29,38,34,35,150,119,27,30,27,28,36,30,30,29,58,32,30,47,30,23,28,27,26,32,30,35,29,32,30,49,29,35,25,26,32,114,34,33,51,32,104,119,34,35,45,49,29,48,31,25,29,69,29,29,28,38,31,30,27,29,111,27,75,30,118,28,26,124
Sample1003.mdl,27,0,11,14,29,8,6,31,25,36,94,11,12,11,8,34,8,10,18,13,27,7,117,15,13,28,47,12,15,140,21,9,14,22,22,29,7,119,25,27,14,103,10,11,68,25,113,24,122,28,51,44,27,16,16,123,39,13,20,53,122,103,10,27,23,24,151,112,14,11,8,19,31,11,11,10,61,25,25,36,11,12,9,12,13,19,15,24,22,27,11,32,12,26,10,15,21,113,21,28,44,15,107,120,27,30,34,42,10,49,22,12,8,76,14,12,21,29,12,17,14,8,118,16,78,15,113,15,9,125
Sample1012.mdl,26,11,0,13,26,5,7,30,22,35,89,12,9,8,7,35,7,9,15,10,22,10,116,14,10,25,46,13,10,143,22,6,13,19,21,22,8,116,24,26,13,102,9,10,69,18,110,23,123,25,46,37,24,13,15,116,34,12,19,52,123,102,9,24,18,23,152,109,11,8,7,18,26,8,10,9,60,20,22,33,10,9,8,11,12,16,10,23,19,26,10,31,9,23,7,12,20,114,20,23,41,14,106,121,22,27,31,39,9,46,17,11,11,75,11,13,16,24,11,14,13,9,113,11,77,10,110,12,8,122
Sample1016.mdl,33,14,13,0,33,12,8,35,27,38,98,13,10,13,10,36,10,10,22,13,31,13,121,19,17,32,55,16,15,144,25,13,18,24,28,33,9,119,31,31,16,103,14,15,72,25,113,30,126,32,53,44,31,18,20,125,43,17,24,53,126,107,12,31,27,30,155,112,18,9,12,23,33,13,13,10,65,29,23,38,13,16,11,14,17,23,17,30,26,33,11,36,14,30,10,19,25,115,27,32,46,17,111,124,29,36,36,46,12,51,24,16,14,78,18,16,21,31,16,21,18,12,118,16,82,19,113,17,13,127
Sample1023.mdl,40,29,26,33,0,27,27,42,34,45,93,30,29,28,27,45,27,29,33,30,42,30,120,32,28,39,56,31,30,139,38,26,31,33,33,42,28,116,38,42,33,116,29,24,75,34,112,39,117,39,56,53,36,31,33,118,46,32,37,66,123,100,27,40,40,39,148,125,29,30,25,30,40,30,30,29,56,38,40,53,30,27,26,31,30,32,28,39,31,44,28,39,27,41,27,30,36,114,38,37,57,30,106,123,40,43,47,51,29,60,33,31,29,81,31,29,32,40,29,32,33,29,113,31,79,32,124,30,24,126
Sample1028.mdl,27,8,5,12,27,0,4,29,21,38,94,9,8,7,4,32,4,6,14,9,25,7,117,13,11,26,47,10,11,144,19,5,12,18,20,27,5,117,23,25,12,99,6,7,70,21,111,24,124,24,49,38,25,12,14,121,35,11,16,49,122,103,6,23,19,24,153,106,10,9,4,17,29,5,7,6,61,21,23,32,7,8,5,10,11,15,11,22,20,25,7,34,8,22,6,11,19,113,19,28,40,9,107,124,23,30,32,38,8,47,18,10,8,76,10,10,17,25,8,13,12,6,118,12,78,9,107,13,5,127
Sample1044.mdl,27,6,7,8,27,4,0,27,19,36,96,7,6,5,2,34,2,4,14,9,25,7,117,11,11,26,49,8,9,142,19,5,10,18,20,27,1,119,23,25,8,99,6,7,70,21,113,24,124,24,49,40,25,10,12,123,39,9,16,47,124,103,6,23,21,24,153,108,10,5,4,15,29,7,7,4,61,23,19,32,5,8,3,10,9,15,11,22,20,25,7,32,8,22,6,11,17,115,19,26,38,9,107,122,23,30,32,40,6,47,18,8,6,76,10,8,15,25,8,13,10,4,118,10,78,11,109,11,5,125
Sample1053.mdl,48,31,30,35,42,29,27,0,36,51,107,28,31,30,27,43,29,29,37,32,42,30,128,32,32,47,64,29,34,147,36,28,31,37,37,46,28,126,38,46,33,108,29,28,87,38,124,45,131,45,62,61,46,33,37,126,48,32,37,66,125,116,31,46,44,45,156,121,31,32,27,38,48,32,32,29,70,44,44,47,32,29,30,35,30,38,32,45,41,46,32,27,29,45,31,28,40,122,42,45,61,34,112,127,44,47,51,47,27,66,41,33,29,93,33,33,40,44,29,32,35,25,123,35,91,34,122,34,26,130
Sample1057.mdl,34,25,22,27,34,21,19,36,0,49,91,24,21,18,19,43,19,21,27,26,32,22,116,22,22,31,44,23,22,137,36,20,21,27,25,34,20,116,30,28,21,100,19,22,65,24,106,29,117,29,46,43,32,21,25,110,46,22,23,52,113,96,23,28,30,31,148,109,19,22,19,20,36,24,24,21,56,30,30,43,22,21,18,27,20,20,22,29,23,34,24,39,23,25,23,22,24,112,28,33,43,24,104,117,32,37,41,31,23,54,23,21,25,75,21,23,24,30,23,24,23,23,115,23,77,24,110,24,18,116
Sample1081.mdl,51,36,35,38,45,38,36,51,49,0,104,39,36,39,38,50,38,38,46,37,47,37,131,43,37,52,69,40,41,152,49,37,42,48,48,47,37,133,49,49,42,115,40,37,88,43,119,50,136,50,65,66,49,42,44,121,59,41,48,75,132,121,36,55,45,50,155,130,40,39,38,43,51,39,39,38,71,49,51,58,41,38,39,38,39,45,41,52,46,53,35,46,38,50,34,41,45,125,49,48,68,43,119,134,49,50,56,68,38,71,48,40,36,94,42,42,47,53,42,43,42,38,120,42,92,43,133,41,35,127
Sample1091.mdl,85,94,89,98,93,94,96,107,91,104,0,101,96,95,96,104,96,98,88,95,89,93,133,99,93,90,89,98,95,158,99,93,98,90,82,93,97,145,87,87,98,167,96,93,96,85,117,90,136,86,83,94,89,96,94,103,101,97,94,119,140,137,96,93,93,82,155,176,86,95,96,83,99,95,95,98,81,87,93,112,97,90,95,90,91,87,93,88,78,93,97,96,96,90,92,89,99,141,87,86,104,95,113,146,97,86,96,88,96,99,88,94,94,96,92,96,91,89,96,91,96,98,98,98,92,97,175,87,93,143
Sample1108.mdl,32,11,12,13,30,9,7,28,24,39,101,0,11,12,9,33,9,9,19,12,30,10,122,14,16,31,54,9,16,141,20,10,13,23,23,32,8,120,26,28,15,100,9,12,73,22,110,29,121,29,52,43,30,17,19,124,38,14,21,50,121,106,9,28,26,29,152,109,15,12,7,22,32,10,10,9,66,28,26,35,12,13,10,13,16,20,16,27,25,30,10,35,11,27,9,16,24,116,24,29,45,16,106,123,28,35,37,43,9,52,23,15,9,79,15,13,22,30,9,18,17,7,121,17,83,16,110,18,10,126
Sample111.mdl,29,12,9,10,29,8,6,31,21,36,96,11,0,7,6,34,6,6,16,11,27,9,117,15,13,28,49,14,11,142,21,7,14,18,22,29,7,117,23,25,12,99,10,11,68,19,113,26,124,26,47,38,23,12,14,121,39,13,20,49,124,103,8,25,23,26,153,108,12,11,8,17,29,9,9,6,61,25,23,32,9,8,7,12,11,17,13,24,20,27,7,34,12,24,8,13,19,113,21,30,40,13,109,122,25,32,36,42,10,47,18,10,12,74,12,12,17,27,12,15,12,10,120,12,76,13,109,13,9,123
Sample1125.mdl,26,11,8,13,28,7,5,30,18,39,95,12,7,0,5,37,5,7,13,12,24,10,116,8,10,25,48,13,8,143,24,6,7,17,19,26,6,120,22,24,5,100,9,10,69,20,114,23,125,23,48,39,24,9,11,122,40,6,17,48,125,102,9,22,20,23,154,109,9,10,7,14,28,10,10,7,60,22,20,31,8,9,6,13,8,14,12,21,19,24,10,35,11,21,9,10,16,116,18,27,37,12,108,123,22,29,33,39,9,46,17,7,11,75,9,11,14,24,11,12,9,9,119,9,77,10,110,10,8,126
Sample1155.mdl,27,8,7,10,27,4,2,27,19,38,96,9,6,5,0,36,2,2,14,7,23,7,117,13,11,26,49,10,9,142,21,5,12,18,20,27,3,119,23,25,10,99,6,7,70,21,115,24,124,24,49,40,25,10,12,123,37,11,18,49,124,103,6,23,21,24,153,108,10,7,4,15,27,7,7,2,61,23,21,32,5,8,3,10,9,15,11,22,20,25,7,34,6,22,6,11,17,115,19,28,38,9,107,122,23,30,34,40,8,47,18,8,8,76,10,8,15,25,8,13,10,4,120,10,78,11,109,11,5,125
Sample1188.mdl,53,34,35,36,45,32,34,43,43,50,104,33,34,37,36,0,36,36,44,39,51,33,133,39,37,52,63,36,41,140,43,35,38,38,44,51,35,121,45,49,40,115,36,35,76,45,113,52,128,50,71,64,51,40,40,129,47,39,40,69,124,119,36,47,43,46,153,122,38,37,34,41,53,35,37,36,71,49,51,60,39,36,35,38,37,43,41,48,44,51,35,42,38,48,36,39,47,117,47,50,68,39,117,128,51,52,48,58,34,71,46,38,36,94,38,38,47,53,38,41,40,36,122,42,94,39,125,39,33,135
Sample120.mdl,27,8,7,10,27,4,2,29,19,38,96,9,6,5,2,36,0,4,14,9,25,7,117,13,11,26,49,10,9,144,21,5,12,18,20,27,1,121,23,25,10,101,6,7,70,21,115,24,126,24,49,40,25,10,12,123,39,11,18,49,126,103,6,23,21,24,155,110,10,7,4,15,29,7,7,4,61,23,21,32,5,8,3,10,9,15,11,22,20,25,7,34,8,22,6,11,17,117,19,28,38,9,109,124,23,30,34,40,8,47,18,8,8,76,10,8,15,25,8,13,10,6,120,10,78,11,111,11,5,127
Sample155.mdl,29,10,9,10,29,6,4,29,21,38,98,9,6,7,2,36,4,0,16,7,25,7,119,15,13,28,51,12,11,142,21,7,14,20,22,29,5,119,25,25,12,99,8,9,70,21,115,26,124,26,49,40,27,12,14,123,37,13,20,49,124,105,6,25,23,26,153,108,12,9,6,17,27,7,7,0,63,25,23,32,7,10,5,10,11,17,13,24,22,27,7,34,8,24,6,13,19,115,21,30,40,11,109,122,25,32,36,42,10,49,20,10,10,76,12,10,17,27,10,15,12,6,122,12,80,13,109,13,7,125
Sample161.mdl,33,18,15,22,33,14,14,37,27,46,88,19,16,13,14,44,14,16,0,19,25,17,109,19,17,28,53,20,13,142,31,11,18,22,22,31,15,119,21,27,18,101,16,17,74,25,115,28,126,20,49,40,27,18,20,111,41,17,22,51,124,103,16,21,23,22,149,112,12,19,14,19,35,17,17,16,61,23,27,36,17,16,15,20,15,19,19,24,18,23,17,40,18,24,16,17,25,117,15,30,40,21,101,126,25,30,38,38,16,43,22,16,18,76,14,20,21,29,16,11,18,16,110,16,70,15,113,15,15,125
Sample165.mdl,28,13,10,13,30,9,9,32,26,37,95,12,11,12,7,39,9,7,19,0,26,10,118,18,14,29,52,15,14,139,24,10,17,23,25,30,10,116,28,28,17,100,11,12,71,22,112,27,123,29,48,41,28,17,19,120,36,16,23,52,123,106,9,28,24,27,148,109,15,12,9,22,28,10,10,7,64,26,26,35,10,13,10,11,16,20,14,27,23,30,10,35,7,27,3,16,24,114,24,29,45,16,108,115,24,33,37,45,13,50,21,15,13,77,15,15,18,28,13,18,17,9,119,15,81,16,110,16,10,124
Sample170.mdl,36,27,22,31,42,25,25,42,32,47,89,30,27,24,23,51,25,25,25,26,0,26,116,28,18,29,56,31,22,147,40,22,27,29,29,28,26,122,26,34,27,110,27,26,77,24,118,29,129,31,50,49,32,23,25,116,48,26,31,62,125,108,27,30,28,29,150,121,23,26,25,26,38,28,28,25,64,30,32,45,28,25,26,27,22,28,28,33,27,32,28,45,25,35,25,22,30,122,28,35,51,30,108,123,28,29,41,49,27,52,29,21,27,81,27,29,28,36,29,22,25,25,113,21,77,24,122,22,24,124
Sample180.mdl,28,7,10,13,30,7,7,30,22,37,93,10,9,10,7,33,7,7,17,10,26,0,116,16,12,27,44,13,14,139,22,8,15,21,21,28,8,118,24,22,15,102,7,10,65,22,112,27,123,27,46,41,26,15,15,118,32,14,21,52,121,102,7,26,22,23,150,111,13,12,7,20,30,8,8,7,60,22,26,33,10,11,8,9,12,18,10,23,21,26,8,29,11,25,7,14,22,114,20,29,43,14,108,119,26,31,35,37,11,48,21,11,9,73,13,11,20,28,11,16,13,9,119,15,77,14,112,14,8,124
Sample2.mdl,114,117,116,121,120,117,117,128,116,131,133,122,117,116,117,133,117,119,109,118,116,116,0,116,114,115,120,119,114,165,122,114,117,107,113,122,118,146,98,114,115,174,117,116,123,106,142,109,157,111,116,95,106,117,119,158,134,114,115,132,157,158,117,116,118,107,166,181,107,118,117,102,118,120,116,119,104,98,118,127,116,111,116,115,112,112,116,111,97,120,116,127,119,111,117,108,112,146,100,117,121,118,120,163,122,101,99,115,115,92,111,115,115,133,119,119,120,110,113,110,117,119,127,117,105,120,178,112,116,156
Sample21.mdl,30,15,14,19,32,13,11,32,22,43,99,14,15,8,13,39,13,15,19,18,28,16,116,0,16,29,52,15,16,137,28,12,1,23,21,30,12,114,22,28,5,96,15,16,71,22,108,27,121,27,52,41,26,17,19,126,44,2,15,48,119,104,15,26,24,27,148,103,15,16,11,20,32,16,16,15,64,26,24,31,16,15,14,19,16,18,18,25,23,28,16,39,15,25,15,16,22,110,20,27,41,20,110,117,26,31,35,41,13,48,21,15,15,79,15,17,20,28,15,18,17,13,121,17,81,16,104,18,14,120
Sample215.mdl,24,13,10,17,28,11,11,32,22,37,93,16,13,10,11,37,11,13,17,14,18,12,114,16,0,21,46,17,10,141,28,10,15,19,19,22,12,118,22,26,15,104,13,12,67,20,112,19,123,21,46,41,22,7,9,120,38,14,21,54,123,100,13,22,20,21,152,113,11,14,11,18,28,14,14,13,58,22,20,35,14,11,10,13,10,18,14,21,17,24,14,33,13,25,11,12,20,114,20,25,43,16,106,121,20,27,31,41,13,44,19,7,13,73,11,15,14,26,15,14,11,13,117,9,75,8,114,10,10,124
Sample231.mdl,33,28,25,32,39,26,26,47,31,52,90,31,28,25,26,52,26,28,28,29,29,27,115,29,21,0,49,32,23,138,43,23,28,28,26,31,27,121,31,35,28,107,28,27,66,23,115,26,126,26,51,44,33,24,28,119,51,27,28,59,124,103,28,35,33,30,149,116,24,29,26,25,33,29,29,28,57,27,31,46,29,26,27,28,21,27,27,34,26,31,29,44,28,32,26,27,33,109,29,34,52,31,103,128,31,36,38,48,28,51,28,22,28,76,28,30,25,33,28,27,26,28,108,26,76,27,117,23,25,119
Sample260.mdl,52,47,46,55,56,47,49,64,44,69,89,54,49,48,49,63,49,51,53,52,56,44,120,52,46,49,0,53,46,125,56,48,51,51,45,56,50,120,50,48,49,118,47,50,57,46,102,47,115,53,64,51,44,49,51,120,62,50,49,74,117,108,49,54,50,41,140,125,47,52,49,44,58,50,50,51,66,46,56,69,52,47,48,49,48,44,46,47,45,58,50,63,51,45,49,48,44,104,52,57,63,54,112,123,56,51,61,51,51,60,45,47,49,73,49,51,52,54,51,50,51,51,121,51,87,50,124,44,48,122
Sample261.mdl,33,12,13,16,31,10,8,29,23,40,98,9,14,13,10,36,10,12,20,15,31,13,119,15,17,32,53,0,17,140,23,11,14,24,24,33,9,119,27,31,16,103,12,13,72,25,111,30,120,30,55,46,31,18,20,125,43,15,22,53,122,103,12,29,25,30,153,112,16,13,8,23,35,13,13,12,63,29,27,38,13,14,11,16,17,21,17,28,26,31,13,36,12,24,12,17,25,115,25,30,46,17,107,120,29,36,38,44,10,53,24,16,10,78,16,14,23,25,12,19,18,8,118,18,80,17,113,19,11,125
Sample274.mdl,26,15,10,15,30,11,9,34,22,41,95,16,11,8,9,41,9,11,13,14,22,14,114,16,10,23,46,17,0,141,28,10,15,19,23,24,10,120,24,26,13,100,13,14,67,18,112,21,125,19,48,37,26,9,13,122,42,14,19,50,123,100,13,20,22,23,152,109,13,12,11,14,28,14,14,11,58,20,18,33,12,13,10,15,10,16,14,23,21,24,14,37,13,21,11,12,20,114,22,29,39,16,106,123,16,27,35,41,13,44,17,7,15,73,9,15,14,26,15,12,11,13,117,7,75,10,110,10,12,124
Sample275.mdl,139,140,143,144,139,144,142,147,137,152,158,141,142,143,142,140,144,142,142,139,147,139,165,137,141,138,125,140,141,0,139,141,138,142,140,143,143,103,133,137,140,159,142,139,116,135,91,142,100,136,139,126,131,144,142,183,145,139,136,121,94,177,140,143,141,132,139,144,138,143,140,135,145,145,139,142,129,137,143,148,143,142,143,142,141,137,141,140,130,143,143,144,140,134,138,143,139,89,137,134,134,147,173,112,145,136,142,140,138,129,132,142,138,136,140,144,141,143,142,143,142,140,170,144,152,147,145,137,143,117
Sample288.mdl,42,21,22,25,38,19,19,36,36,49,99,20,21,24,21,43,21,21,31,24,40,22,122,28,28,43,56,23,28,139,0,22,27,31,35,44,20,116,38,38,27,108,21,22,69,34,110,39,115,41,58,45,40,29,31,124,48,26,33,62,117,104,19,38,36,41,150,117,27,24,21,30,40,20,20,21,66,38,38,43,20,23,20,23,28,32,26,37,31,42,22,39,25,37,21,26,34,114,36,43,57,26,108,121,40,41,45,47,21,60,31,27,19,79,27,27,34,40,23,30,29,19,119,29,81,26,118,28,22,126
Sample289.mdl,26,9,6,13,26,5,5,28,20,37,93,10,7,6,5,35,5,7,11,10,22,8,114,12,10,23,48,11,10,141,22,0,11,17,19,26,6,118,20,22,11,100,7,8,69,20,112,23,125,23,48,39,24,11,13,120,38,10,17,50,123,102,7,22,18,23,152,109,7,10,5,16,28,8,8,7,60,18,22,31,8,7,6,11,10,14,10,21,19,24,8,33,9,21,7,10,18,114,16,27,39,12,106,121,22,29,33,37,7,44,17,9,9,75,9,11,16,22,9,12,11,7,117,11,75,10,110,12,6,126
Sample292.mdl,29,14,13,18,31,12,10,31,21,42,98,13,14,7,12,38,12,14,18,17,27,15,117,1,15,28,51,14,15,138,27,11,0,22,20,29,11,115,23,27,6,97,14,15,72,21,109,26,122,26,51,42,27,16,18,125,43,3,16,49,120,103,14,25,23,26,149,104,14,15,10,19,31,15,15,14,63,25,23,32,15,14,13,18,15,17,17,24,22,27,15,38,14,24,14,15,21,111,21,26,42,19,109,118,25,30,34,40,12,49,20,14,14,78,14,16,19,27,14,17,16,12,120,16,80,15,105,17,13,121
Sample295.mdl,33,22,19,24,33,18,18,37,27,48,90,23,18,17,18,38,18,20,22,23,29,21,107,23,19,28,51,24,19,142,31,17,22,0,28,31,19,121,21,33,22,109,20,19,68,19,115,28,126,30,51,46,31,20,24,117,45,21,26,59,126,103,20,29,31,30,151,118,18,21,18,19,31,21,21,20,49,31,33,40,21,14,17,24,15,23,23,30,24,31,21,42,22,30,20,15,27,117,29,36,48,21,101,124,29,32,34,44,18,49,24,20,22,76,20,24,27,35,22,17,22,20,104,22,66,21,119,21,17,127
Sample299.mdl,31,22,21,28,33,20,20,37,25,48,82,23,22,19,20,44,20,22,22,25,29,21,113,21,19,26,45,24,23,140,35,19,20,28,0,33,21,117,23,29,22,101,22,21,60,25,109,30,122,30,45,42,21,22,24,119,45,21,24,51,120,97,22,27,29,18,149,112,20,25,18,21,37,23,23,22,57,27,29,42,23,20,21,22,19,21,25,22,18,31,23,42,22,30,22,19,27,111,21,30,42,25,105,126,31,32,36,40,22,47,26,18,22,62,22,20,25,31,20,21,18,22,116,24,74,23,113,19,19,121
Sample301.mdl,34,29,22,33,42,27,27,46,34,47,93,32,29,26,27,51,27,29,31,30,28,28,122,30,22,31,56,33,24,143,44,26,29,31,33,0,28,122,32,38,29,112,29,28,75,30,112,31,123,31,54,49,36,27,29,120,50,28,31,62,127,108,29,36,30,33,154,121,27,28,27,30,40,30,30,29,54,34,34,47,30,25,28,29,24,30,30,37,31,36,30,45,29,35,27,24,32,116,34,35,55,32,108,123,30,33,41,49,29,56,31,25,29,85,29,31,28,40,31,26,27,29,115,25,75,28,122,26,24,118
Sample319.mdl,28,7,8,9,28,5,1,28,20,37,97,8,7,6,3,35,1,5,15,10,26,8,118,12,12,27,50,9,10,143,20,6,11,19,21,28,0,120,24,26,9,100,7,8,71,22,114,25,125,25,50,41,26,11,13,124,40,10,17,48,125,104,7,24,22,25,154,109,11,6,5,16,30,8,8,5,62,24,20,33,6,9,4,11,10,16,12,23,21,26,8,33,9,23,7,12,18,116,20,27,39,10,108,123,24,31,33,41,7,48,19,9,7,77,11,9,16,26,9,14,11,5,119,11,79,12,110,12,6,126
Sample32.mdl,118,119,116,119,116,117,119,126,116,133,145,120,117,120,119,121,121,119,119,116,122,118,146,114,118,121,120,119,120,103,116,118,115,121,117,122,120,0,110,112,117,142,119,120,107,118,96,123,103,121,128,109,114,123,123,158,118,116,109,98,95,156,117,118,118,117,130,123,117,118,117,118,124,120,118,119,118,114,124,127,116,119,120,117,120,114,118,121,111,122,118,121,117,111,117,120,120,90,114,109,125,122,154,109,124,121,123,117,119,108,115,121,117,141,121,119,118,118,119,120,123,119,157,123,139,122,120,116,120,110
Sample323.mdl,32,25,24,31,38,23,23,38,30,49,87,26,23,22,23,45,23,25,21,28,26,24,98,22,22,31,50,27,24,133,38,20,23,21,23,32,24,110,0,32,21,96,25,24,69,20,106,33,117,29,46,35,20,25,27,114,48,22,27,48,111,100,25,28,30,25,138,109,19,28,21,22,36,26,26,25,54,26,34,41,26,19,24,27,18,26,28,29,19,32,26,45,25,29,25,20,26,110,20,35,39,28,100,117,32,27,41,43,25,40,27,23,25,75,25,25,28,36,25,20,23,25,109,25,67,26,106,22,22,114
Sample331.mdl,40,27,26,31,42,25,25,46,28,49,87,28,25,24,25,49,25,25,27,28,34,22,114,28,26,35,48,31,26,137,38,22,27,33,29,38,26,112,32,0,27,106,25,28,63,30,106,39,119,33,46,43,32,29,29,112,52,26,27,56,119,100,23,32,28,33,142,115,25,30,25,30,42,26,22,25,58,24,38,41,26,27,26,25,26,20,28,33,31,36,24,47,29,31,25,28,34,114,28,39,47,32,98,121,36,41,47,39,27,52,27,25,23,69,25,29,32,36,29,28,27,27,113,29,77,28,114,26,26,120
Sample333.mdl,29,14,13,16,33,12,8,33,21,42,98,15,12,5,10,40,10,12,18,17,27,15,115,5,15,28,49,16,13,140,27,11,6,22,22,29,9,117,21,27,0,97,14,15,68,23,111,26,122,26,51,38,23,14,16,125,45,3,16,45,122,105,14,25,23,26,151,106,14,13,12,17,31,15,15,12,63,25,21,32,13,14,11,18,13,17,17,22,22,27,15,38,16,22,14,15,17,113,17,28,36,17,109,120,25,30,34,42,12,45,20,12,14,78,14,16,17,27,16,17,14,12,120,14,80,15,107,15,13,123
Sample334.mdl,112,103,102,103,116,99,99,108,100,115,167,100,99,100,99,115,101,99,101,100,110,102,174,96,104,107,118,103,100,159,108,100,97,109,101,112,100,142,96,106,97,0,101,102,123,100,136,107,157,101,124,93,100,103,107,162,112,98,93,76,135,162,99,102,110,99,184,95,101,102,97,98,112,102,100,99,120,106,102,77,98,103,102,103,102,96,106,103,101,112,100,115,99,99,101,104,104,140,100,109,93,106,172,149,112,113,117,115,101,116,101,101,101,143,101,103,104,112,103,102,105,99,181,105,147,104,102,102,100,132
Sample335.mdl,29,10,9,14,29,6,6,29,19,40,96,9,10,9,6,36,6,8,16,11,27,7,117,15,13,28,47,12,13,142,21,7,14,20,22,29,7,119,25,25,14,101,0,7,68,23,113,26,124,26,45,42,27,14,16,119,37,13,20,51,124,101,6,25,23,26,153,110,12,11,6,19,31,9,9,8,61,23,25,32,7,10,7,12,13,17,9,24,22,27,9,34,10,24,8,13,21,115,21,30,42,13,107,122,25,32,36,38,10,49,20,12,10,76,12,12,19,27,10,15,14,8,120,14,78,13,111,15,7,125
Sample341.mdl,28,11,10,15,24,7,7,28,22,37,93,12,11,10,7,35,7,9,17,12,26,10,116,16,12,27,50,13,14,139,22,8,15,19,21,28,8,120,24,28,15,102,7,0,69,22,112,25,121,23,46,43,26,13,17,120,36,14,21,52,123,102,7,26,24,25,150,111,11,12,7,16,30,10,10,9,58,26,26,33,8,9,8,13,12,18,14,25,21,26,10,33,11,25,9,12,20,114,22,29,43,12,106,119,24,31,33,43,11,48,21,13,11,77,13,13,20,28,11,14,15,9,117,15,77,14,112,16,6,122
Sample354.mdl,71,68,69,72,75,70,70,87,65,88,96,73,68,69,70,76,70,70,74,71,77,65,123,71,67,66,57,72,67,116,69,69,72,68,60,75,71,107,69,63,68,123,68,69,0,65,95,70,100,70,83,60,61,70,70,133,85,69,66,77,106,109,66,61,73,54,133,130,68,71,70,63,73,71,67,70,63,67,73,80,69,68,69,66,67,61,69,62,62,77,69,78,72,62,68,69,69,99,69,74,80,73,117,110,77,68,78,72,70,71,62,66,68,80,70,70,73,73,72,71,68,72,122,72,88,73,129,65,69,113
Sample355.mdl,30,25,18,25,34,21,21,38,24,43,85,22,19,20,21,45,21,21,25,22,24,22,106,22,20,23,46,25,18,135,34,20,21,19,25,30,22,118,20,30,23,100,23,22,65,0,104,23,117,25,38,35,28,21,27,110,46,22,25,54,117,96,21,28,30,27,142,109,19,24,19,18,26,22,22,21,50,24,28,39,24,19,22,23,18,20,24,31,19,32,22,43,21,27,19,20,28,110,28,29,43,26,98,119,28,25,35,43,23,46,19,21,25,69,23,25,26,30,23,20,23,23,103,21,67,24,108,22,20,114
Sample361.mdl,112,113,110,113,112,111,113,124,106,119,117,110,113,114,115,113,115,115,115,112,118,112,142,108,112,115,102,111,112,91,110,112,109,115,109,112,114,96,106,106,111,136,113,112,95,104,0,113,89,107,112,99,102,115,113,152,114,110,105,100,81,144,111,114,114,103,126,117,109,112,113,104,116,114,112,115,100,108,114,121,112,113,114,109,112,106,112,109,105,120,114,121,111,103,109,114,110,100,112,107,117,112,144,109,116,109,117,109,111,110,107,113,109,123,111,113,114,114,113,116,117,113,145,117,129,116,122,108,110,110
Sample362.mdl,31,24,23,30,39,24,24,45,29,50,90,29,26,23,24,52,24,26,28,27,29,27,109,27,19,26,47,30,21,142,39,23,26,28,30,31,25,123,33,39,26,107,26,25,70,23,113,0,124,22,53,46,35,18,26,117,53,25,28,61,126,103,26,29,33,28,147,116,20,27,24,17,31,27,27,26,55,29,25,46,27,24,25,28,23,25,27,32,26,37,27,48,26,30,24,23,25,115,29,32,50,27,99,126,29,34,32,48,26,49,28,20,28,78,26,30,25,35,28,27,26,26,110,22,70,23,117,25,23,125
Sample367.mdl,121,122,123,126,117,124,124,131,117,136,136,121,124,125,124,128,126,124,126,123,129,123,157,121,123,126,115,120,125,100,115,125,122,126,122,123,125,103,117,119,122,157,124,121,100,117,89,124,0,118,129,110,117,128,126,165,127,121,118,115,104,157,122,119,127,116,119,144,120,123,124,117,127,125,123,124,115,121,127,132,125,122,125,122,123,117,125,122,112,127,125,128,120,118,122,125,121,99,123,122,120,127,147,100,123,118,126,122,122,119,116,126,120,136,126,124,125,123,120,127,126,122,150,126,140,127,133,119,121,111
Sample37.mdl,33,28,25,32,39,24,24,45,29,50,86,29,26,23,24,50,24,26,20,29,31,27,111,27,21,26,53,30,19,136,41,23,26,30,30,31,25,121,29,33,26,101,26,23,70,25,107,22,118,0,49,38,35,20,26,115,49,25,28,55,118,99,26,21,33,28,139,110,18,29,22,19,39,27,27,26,53,29,27,44,27,24,25,30,21,23,29,34,24,33,27,48,28,26,26,25,29,111,29,34,44,25,95,126,29,36,38,40,26,47,28,20,28,78,24,30,25,37,26,23,24,26,104,20,68,21,107,23,23,119
Sample377.mdl,54,51,46,53,56,49,49,62,46,65,83,52,47,48,49,71,49,49,49,48,50,46,116,52,46,51,64,55,48,139,58,48,51,51,45,54,50,128,46,46,51,124,45,46,83,38,112,53,129,49,0,59,46,51,51,104,66,50,51,76,121,112,43,50,56,47,154,135,45,52,49,42,58,50,50,49,66,42,52,65,50,45,50,49,48,44,46,53,39,58,48,61,51,55,45,46,54,122,50,49,63,52,106,131,56,51,59,59,51,66,47,49,49,81,49,53,48,52,51,48,49,51,113,49,83,52,134,44,48,122
Sample384.mdl,45,44,37,44,53,38,40,61,43,66,94,43,38,39,40,64,40,40,40,41,49,41,95,41,41,44,51,46,37,126,45,39,42,46,42,49,41,109,35,43,38,93,42,43,60,35,99,46,110,38,59,0,39,42,44,119,65,39,38,51,106,101,40,41,41,38,133,100,38,43,40,39,51,39,39,40,59,39,43,52,41,40,41,38,41,37,43,42,34,51,41,62,42,38,38,41,43,103,37,52,48,47,101,120,49,44,52,48,42,49,34,40,42,78,40,44,41,47,42,39,42,42,110,40,78,41,99,37,41,109
Sample39.mdl,36,27,24,31,36,25,25,46,32,49,89,30,23,24,25,51,25,27,27,28,32,26,106,26,22,33,44,31,26,131,40,24,27,31,21,36,26,114,20,32,23,100,27,26,61,28,102,35,117,35,46,39,0,27,27,122,50,24,29,52,113,102,25,34,32,25,144,113,25,28,25,28,38,28,28,27,60,30,34,45,28,21,26,25,24,26,28,29,21,36,26,47,27,33,25,26,28,108,24,35,43,30,110,117,34,35,43,49,27,44,27,25,25,69,25,27,28,36,29,26,27,27,119,27,71,28,112,24,24,116
Sample404.mdl,27,16,13,18,31,12,10,33,21,42,96,17,12,9,10,40,10,12,18,17,23,15,117,17,7,24,49,18,9,144,29,11,16,20,22,27,11,123,25,29,14,103,14,13,70,21,115,18,128,20,51,42,27,0,12,125,43,15,22,53,126,103,14,23,25,26,155,112,12,15,12,15,29,15,15,12,61,25,17,36,13,12,9,18,11,19,17,26,22,27,15,38,16,24,14,13,19,117,23,30,42,15,109,126,21,30,36,44,14,47,22,6,16,76,12,16,15,29,16,15,12,14,120,10,78,9,113,13,11,127
Sample409.mdl,29,16,15,20,33,14,12,37,25,44,94,19,14,11,12,40,12,14,20,19,25,15,119,19,9,28,51,20,13,142,31,13,18,24,24,29,13,123,27,29,16,107,16,17,70,27,113,26,126,26,51,44,27,12,0,125,43,17,24,55,126,103,16,25,25,26,153,116,16,17,14,21,31,17,17,14,63,27,23,38,15,16,13,18,13,21,19,22,24,29,17,40,18,28,16,17,23,119,23,30,44,19,111,126,27,34,38,42,16,51,22,8,16,76,14,14,19,31,18,19,10,16,122,12,80,13,117,11,15,127
Sample424.mdl,118,123,116,125,118,121,123,126,110,121,103,124,121,122,123,129,123,123,111,120,116,118,158,126,120,119,120,125,122,183,124,120,125,117,119,120,124,158,114,112,125,162,119,120,133,110,152,117,165,115,104,119,122,125,125,0,120,124,121,136,161,162,121,120,118,119,188,189,113,122,123,110,124,120,120,123,96,114,124,129,124,117,122,119,118,114,116,121,105,124,122,115,123,117,117,116,126,170,114,109,127,124,126,165,124,113,117,101,123,126,115,123,121,141,123,125,118,116,123,118,125,125,123,125,119,124,192,118,120,150
Sample425.mdl,52,39,34,43,46,35,39,48,46,59,101,38,39,40,37,47,39,37,41,36,48,32,134,44,38,51,62,43,42,145,48,38,43,45,45,50,40,118,48,52,45,112,37,36,85,46,114,53,127,49,66,65,50,43,43,120,0,44,49,72,119,114,37,52,46,45,152,119,39,40,35,46,52,36,40,37,78,48,52,55,38,39,38,39,40,48,38,51,41,48,40,43,37,53,35,42,50,116,48,47,67,40,122,125,52,55,59,59,41,70,49,41,41,93,43,41,44,56,37,44,43,39,127,43,93,42,118,38,36,134
Sample44.mdl,28,13,12,17,32,11,9,32,22,41,97,14,13,6,11,39,11,13,17,16,26,14,114,2,14,27,50,15,14,139,26,10,3,21,21,28,10,116,22,26,3,98,13,14,69,22,110,25,121,25,50,39,24,15,17,124,44,0,13,48,121,104,13,24,22,25,150,105,13,14,11,18,30,14,14,13,62,24,22,29,14,13,12,17,14,16,16,23,21,26,14,37,15,23,13,14,20,112,18,27,39,18,108,119,24,29,33,41,11,46,19,13,13,77,13,17,18,26,15,16,15,11,119,15,79,14,106,16,12,122
Sample443.mdl,33,20,19,24,37,16,16,37,23,48,94,21,20,17,18,40,18,20,22,23,31,21,115,15,21,28,49,22,19,136,33,17,16,26,24,31,17,109,27,27,16,93,20,21,66,25,105,28,118,28,51,38,29,22,24,121,49,13,0,43,116,101,20,25,27,28,147,96,20,21,18,21,37,21,21,20,59,25,27,34,21,20,19,24,21,15,23,28,24,31,21,44,22,24,20,21,27,109,21,32,38,23,101,120,29,34,38,40,18,49,20,20,20,78,18,24,23,31,22,21,22,18,112,22,80,21,99,21,19,119
Sample448.mdl,64,53,52,53,66,49,47,66,52,75,119,50,49,48,49,69,49,49,51,52,62,52,132,48,54,59,74,53,50,121,62,50,49,59,51,62,48,98,48,56,45,76,51,52,77,54,100,61,115,55,76,51,52,53,55,136,72,48,43,0,93,118,49,52,60,51,146,75,53,52,49,50,66,52,52,49,74,58,54,53,48,53,50,55,50,46,56,55,53,60,52,73,53,53,51,54,52,106,50,59,49,54,130,113,62,65,69,65,51,66,49,51,53,101,51,53,52,64,53,52,51,51,137,53,105,54,78,50,52,102
Sample467.mdl,121,122,123,126,123,122,124,125,113,132,140,121,124,125,124,124,126,124,124,123,125,121,157,119,123,124,117,122,123,94,117,123,120,126,120,127,125,95,111,119,122,135,124,123,106,117,81,126,104,118,121,106,113,126,126,161,119,121,116,93,0,151,122,119,123,114,135,112,122,123,122,115,127,125,123,124,107,117,123,128,121,124,125,122,123,117,123,122,112,127,125,122,124,114,124,125,121,103,121,118,116,127,157,102,125,120,128,116,122,117,112,124,120,126,122,124,125,123,124,125,124,122,162,126,136,127,113,121,123,103
Sample485.mdl,102,103,102,107,100,103,103,116,96,121,137,106,103,102,103,119,103,105,103,106,108,102,158,104,100,103,108,103,100,177,104,102,103,103,97,108,104,156,100,100,105,162,101,102,109,96,144,103,157,99,112,101,102,103,103,162,114,104,101,118,151,0,101,98,106,101,168,171,101,104,101,94,100,106,102,105,94,98,104,115,100,101,102,103,100,94,102,103,89,110,104,115,101,95,103,102,108,156,104,99,111,106,146,167,110,103,111,101,103,112,91,101,101,119,103,97,104,104,103,102,103,105,153,103,117,106,166,98,102,156
Sample486.mdl,29,10,9,12,27,6,6,31,23,36,96,9,8,9,6,36,6,6,16,9,27,7,117,15,13,28,49,12,13,140,19,7,14,20,22,29,7,117,25,23,14,99,6,7,66,21,111,26,122,26,43,40,25,14,16,121,37,13,20,49,122,101,0,25,23,26,151,108,12,11,6,19,29,7,7,6,61,23,25,30,7,10,7,10,13,15,13,24,22,27,5,34,10,24,6,13,21,113,21,28,42,13,107,118,25,32,36,42,10,47,20,12,8,74,12,12,19,27,10,15,14,8,120,14,78,13,109,15,7,123
Sample487.mdl,38,27,24,31,40,23,23,46,28,55,93,28,25,22,23,47,23,25,21,28,30,26,116,26,22,35,54,29,20,143,38,22,25,29,27,36,24,118,28,32,25,102,25,26,61,28,114,29,119,21,50,41,34,23,25,120,52,24,25,52,119,98,25,0,32,27,152,113,23,28,23,20,36,26,26,25,56,30,26,43,26,25,22,29,24,18,28,27,21,36,26,49,27,27,25,26,32,116,28,37,37,30,106,127,30,31,43,41,25,52,25,21,27,75,21,29,26,36,27,22,23,25,115,19,77,20,110,22,24,124
Sample488.mdl,34,23,18,27,40,19,21,44,30,45,93,26,23,20,21,43,21,23,23,24,28,22,118,24,20,33,50,25,22,141,36,18,23,31,29,30,22,118,30,28,23,110,23,24,73,30,114,33,127,33,56,41,32,25,25,118,46,22,27,60,123,106,23,32,0,31,142,117,21,24,21,28,38,22,22,23,58,26,32,43,24,23,22,23,22,24,24,31,27,32,24,45,23,29,21,24,30,120,24,35,49,28,104,125,32,37,37,39,23,50,25,21,23,81,21,25,26,30,25,24,23,23,113,21,71,22,118,22,22,126
Sample490.mdl,35,24,23,30,39,24,24,45,31,50,82,29,26,23,24,46,24,26,22,27,29,23,107,27,21,30,41,30,23,132,41,23,26,30,18,33,25,117,25,33,26,99,26,25,54,27,103,28,116,28,47,38,25,26,26,119,45,25,28,51,114,101,26,27,31,0,139,110,22,27,24,21,39,27,27,26,59,27,29,44,27,24,25,26,23,23,27,22,20,33,27,44,26,30,24,25,27,109,23,30,42,29,107,120,31,32,36,44,26,41,26,22,26,68,26,28,27,35,28,23,24,26,116,26,74,27,111,19,23,115
Sample498.mdl,150,151,152,155,148,153,153,156,148,155,155,152,153,154,153,153,155,153,149,148,150,150,166,148,152,149,140,153,152,139,150,152,149,151,149,154,154,130,138,142,151,184,153,150,133,142,126,147,119,139,154,133,144,155,153,188,152,150,147,146,135,168,151,152,142,139,0,167,145,154,151,144,142,154,152,153,138,140,154,161,152,153,154,153,150,146,148,151,139,154,150,149,151,143,151,152,150,126,142,143,157,156,156,129,156,145,151,145,153,138,143,153,151,167,155,155,154,154,151,152,155,153,171,153,153,156,162,148,152,124
Sample511.mdl,119,112,109,112,125,106,108,121,109,130,176,109,108,109,108,122,110,108,112,109,121,111,181,103,113,116,125,112,109,144,117,109,104,118,112,121,109,123,109,115,106,95,110,111,130,109,117,116,144,110,135,100,113,112,116,189,119,105,96,75,112,171,108,113,117,110,167,0,110,111,106,109,123,109,109,108,131,113,109,106,105,112,111,112,111,105,115,114,112,117,109,128,110,108,110,113,111,133,111,118,108,115,177,134,117,122,124,122,110,119,110,110,110,154,110,114,113,121,112,113,114,108,190,114,158,111,11,111,109,129
Sample527.mdl,27,14,11,18,29,10,10,31,19,40,86,15,12,9,10,38,10,12,12,15,23,13,107,15,11,24,47,16,13,138,27,7,14,18,20,27,11,117,19,25,14,101,12,11,68,19,109,20,120,18,45,38,25,12,16,113,39,13,20,53,122,101,12,23,21,22,145,110,0,15,10,13,29,13,13,12,57,21,23,34,13,10,11,16,11,15,15,22,14,23,13,34,14,22,12,11,17,113,15,24,40,13,99,118,23,28,32,38,12,39,18,12,14,74,12,16,19,23,12,13,14,12,110,14,68,13,111,15,9,123
Sample531.mdl,30,11,8,9,30,9,5,32,22,39,95,12,11,10,7,37,7,9,19,12,26,12,118,16,14,29,52,13,12,143,24,10,15,21,25,28,6,118,28,30,13,102,11,12,71,24,112,27,123,29,52,43,28,15,17,122,40,14,21,52,123,104,11,28,24,27,154,111,15,0,9,20,32,12,12,9,62,26,22,37,10,13,8,13,14,20,14,27,23,30,12,33,11,27,9,16,22,116,24,27,43,14,108,119,26,33,33,43,9,48,21,13,11,77,15,13,18,28,13,18,15,9,115,13,79,16,112,14,8,124
Sample532.mdl,27,8,7,12,25,4,4,27,19,38,96,7,8,7,4,34,4,6,14,9,25,7,117,11,11,26,49,8,11,140,21,5,10,18,18,27,5,117,21,25,12,97,6,7,70,19,113,24,124,22,49,40,25,12,14,123,35,11,18,49,122,101,6,23,21,24,151,106,10,9,0,17,29,7,7,6,61,23,23,32,7,8,5,10,11,15,11,22,20,25,7,34,6,22,6,11,19,113,19,26,40,11,109,120,23,30,34,38,8,47,18,10,8,76,10,8,17,25,6,13,12,6,120,12,76,11,107,13,5,125
Sample541.mdl,28,19,18,23,30,17,15,38,20,43,83,22,17,14,15,41,15,17,19,22,26,20,102,20,18,25,44,23,14,135,30,16,19,19,21,30,16,118,22,30,17,98,19,16,63,18,104,17,117,19,42,39,28,15,21,110,46,18,21,50,115,94,19,20,28,21,144,109,13,20,17,0,26,20,20,17,46,24,22,37,18,17,14,23,14,16,22,21,17,28,20,41,21,23,19,18,18,108,22,29,37,18,96,119,26,25,31,41,19,44,21,15,21,67,19,21,22,30,21,16,19,19,105,19,63,20,110,18,16,118
Sample546.mdl,36,31,26,33,40,29,29,48,36,51,99,32,29,28,27,53,29,27,35,28,38,30,118,32,28,33,58,35,28,145,40,28,31,31,37,40,30,124,36,42,31,112,31,30,73,26,116,31,127,39,58,51,38,29,31,124,52,30,37,66,127,100,29,36,38,39,142,123,29,32,29,26,0,30,30,27,64,38,36,49,32,29,28,31,28,34,32,37,33,42,30,49,29,39,27,30,34,120,38,37,57,34,110,125,38,35,45,55,31,60,31,29,33,81,31,33,34,40,33,32,33,29,119,31,81,32,122,32,28,124
Sample567.mdl,30,11,8,13,30,5,7,32,24,39,95,10,9,10,7,35,7,7,17,10,28,8,120,16,14,29,50,13,14,145,20,8,15,21,23,30,8,120,26,26,15,102,9,10,71,22,114,27,125,27,50,39,28,15,17,120,36,14,21,52,125,106,7,26,22,27,154,109,13,12,7,20,30,0,8,7,64,24,26,31,10,11,8,11,14,18,14,25,23,26,8,35,11,25,7,14,22,116,22,31,43,14,110,125,26,33,33,41,11,50,21,13,11,77,13,13,20,28,11,16,15,9,121,15,81,12,110,16,8,126
Sample57.mdl,30,11,10,13,30,7,7,32,24,39,95,10,9,10,7,37,7,7,17,10,28,8,116,16,14,29,50,13,14,139,20,8,15,21,23,30,8,118,26,22,15,100,9,10,67,22,112,27,123,27,50,39,28,15,17,120,40,14,21,52,123,102,7,26,22,27,152,109,13,12,7,20,30,8,0,7,60,26,26,31,8,11,8,9,14,18,14,25,23,28,8,35,11,23,7,14,22,114,22,31,43,14,108,121,26,33,37,43,11,48,21,13,9,73,13,13,20,28,11,16,15,9,119,15,75,14,110,16,8,124
Sample580.mdl,29,10,9,10,29,6,4,29,21,38,98,9,6,7,2,36,4,0,16,7,25,7,119,15,13,28,51,12,11,142,21,7,14,20,22,29,5,119,25,25,12,99,8,9,70,21,115,26,124,26,49,40,27,12,14,123,37,13,20,49,124,105,6,25,23,26,153,108,12,9,6,17,27,7,7,0,63,25,23,32,7,10,5,10,11,17,13,24,22,27,7,34,8,24,6,13,19,115,21,30,40,11,109,122,25,32,36,42,10,49,20,10,10,76,12,10,17,27,10,15,12,6,122,12,80,13,109,13,7,125
Sample594.mdl,58,61,60,65,56,61,61,70,56,71,81,66,61,60,61,71,61,63,61,64,64,60,104,64,58,57,66,63,58,129,66,60,63,49,57,54,62,118,54,58,63,120,61,58,63,50,100,55,115,53,66,59,60,61,63,96,78,62,59,74,107,94,61,56,58,59,138,131,57,62,61,46,64,64,60,63,0,56,62,75,62,57,60,61,54,52,60,61,47,68,62,69,63,53,61,56,64,114,62,61,69,60,88,127,68,59,61,59,61,70,53,59,59,77,61,63,62,64,63,58,61,63,83,61,41,64,134,56,58,106
Sample60.mdl,32,25,20,29,38,21,23,44,30,49,87,28,25,22,23,49,23,25,23,26,30,22,98,26,22,27,46,29,20,137,38,18,25,31,27,34,24,114,26,24,25,106,23,26,67,24,108,29,121,29,42,39,30,25,27,114,48,24,25,58,117,98,23,30,26,27,140,113,21,26,23,24,38,24,26,25,56,0,30,43,26,25,24,25,24,20,24,31,21,34,24,45,25,31,23,26,32,110,20,31,45,30,88,125,32,31,37,39,25,42,25,21,23,71,25,27,28,32,27,26,23,25,107,23,67,24,112,22,24,122
Sample607.mdl,30,25,22,23,40,23,19,44,30,51,93,26,23,20,21,51,21,23,27,26,32,26,118,24,20,31,56,27,18,143,38,22,23,33,29,34,20,124,34,38,21,102,25,26,73,28,114,25,127,27,52,43,34,17,23,124,52,22,27,54,123,104,25,26,32,29,154,109,23,22,23,22,36,26,26,23,62,30,0,43,24,25,22,27,24,24,26,31,25,32,26,47,25,29,23,26,30,116,30,33,41,28,108,129,32,39,39,47,23,44,27,17,25,73,25,27,18,32,27,28,23,23,117,17,79,22,110,20,24,124
Sample612.mdl,47,36,33,38,53,32,32,47,43,58,112,35,32,31,32,60,32,32,36,35,45,33,127,31,35,46,69,38,33,148,43,31,32,40,42,47,33,127,41,41,32,77,32,33,80,39,121,46,132,44,65,52,45,36,38,129,55,29,34,53,128,115,30,43,43,44,161,106,34,37,32,37,49,31,31,32,75,43,43,0,31,34,33,34,35,35,37,44,42,43,33,54,36,42,32,35,41,121,39,50,54,39,125,124,43,48,56,58,34,61,38,34,34,90,34,38,39,47,36,35,36,34,134,36,92,35,107,35,33,131
Sample615.mdl,30,11,10,13,30,7,5,32,22,41,97,12,9,8,5,39,5,7,17,10,28,10,116,16,14,29,52,13,12,143,20,8,15,21,23,30,6,116,26,26,13,98,7,8,69,24,112,27,125,27,50,41,28,13,15,124,38,14,21,48,121,100,7,26,24,27,152,105,13,10,7,18,32,10,8,7,62,26,24,31,0,11,6,11,12,18,14,25,23,28,10,37,11,25,9,14,20,116,22,31,41,12,110,121,26,33,37,43,11,50,21,11,9,77,13,11,18,28,11,16,13,9,121,13,79,14,106,14,8,126
Sample617.mdl,23,12,9,16,27,8,8,29,21,38,90,13,8,9,8,36,8,10,16,13,25,11,111,15,11,26,47,14,13,142,23,7,14,14,20,25,9,119,19,27,14,103,10,9,68,19,113,24,122,24,45,40,21,12,16,117,39,13,20,53,124,101,10,25,23,24,153,112,10,13,8,17,29,11,11,10,57,25,25,34,11,0,9,14,11,17,13,24,18,25,11,34,12,24,10,9,19,115,21,28,42,13,103,120,21,30,34,42,10,45,18,12,12,74,12,14,19,27,12,13,14,10,114,14,70,13,113,15,7,123
Sample646.mdl,28,9,8,11,26,5,3,30,18,39,95,10,7,6,3,35,3,5,15,10,26,8,116,14,10,27,48,11,10,143,20,6,13,17,21,28,4,120,24,26,11,102,7,8,69,22,114,25,125,25,50,41,26,9,13,122,38,12,19,50,125,102,7,22,22,25,154,111,11,8,5,14,28,8,8,5,60,24,22,33,6,9,0,11,10,16,12,21,19,26,8,33,9,23,7,12,18,116,20,29,39,10,108,123,24,29,35,39,9,48,19,9,9,75,9,9,14,26,9,14,11,7,119,11,77,10,112,12,6,128
Sample656.mdl,27,12,11,14,31,10,10,35,27,38,90,13,12,13,10,38,10,10,20,11,27,9,115,19,13,28,49,16,15,142,23,11,18,24,22,29,11,117,27,25,18,103,12,13,66,23,109,28,122,30,49,38,25,18,18,119,39,17,24,55,122,103,10,29,23,26,153,112,16,13,10,23,31,11,9,10,61,25,27,34,11,14,11,0,15,21,15,26,22,29,11,34,12,28,8,17,25,113,23,28,46,17,109,120,27,32,36,44,14,49,22,14,10,72,16,12,21,27,14,19,16,12,118,16,78,17,113,15,11,125
Sample666.mdl,26,13,12,17,30,11,9,30,20,39,91,16,11,8,9,37,9,11,15,16,22,12,112,16,10,21,48,17,10,141,28,10,15,15,19,24,10,120,18,26,13,102,13,12,67,18,112,23,123,21,48,41,24,11,13,118,40,14,21,50,123,100,13,24,22,23,150,111,11,14,11,14,28,14,14,11,54,24,24,35,12,11,10,15,0,18,16,23,19,24,14,35,15,25,13,10,18,114,20,27,41,14,102,123,22,27,29,41,13,46,21,9,13,75,11,13,18,28,15,10,11,13,113,11,73,12,112,12,10,124
Sample673.mdl,32,19,16,23,32,15,15,38,20,45,87,20,17,14,15,43,15,17,19,20,28,18,112,18,18,27,44,21,16,137,32,14,17,23,21,30,16,114,26,20,17,96,17,18,61,20,106,25,117,23,44,37,26,19,21,114,48,16,15,46,117,94,15,18,24,23,146,105,15,20,15,16,34,18,18,17,52,20,24,35,18,17,16,21,18,0,20,21,19,28,16,43,19,21,17,18,24,112,20,27,33,22,100,121,24,33,35,35,17,44,15,17,17,71,15,21,22,26,19,18,19,17,111,19,73,18,104,18,16,118
Sample674.mdl,30,15,10,17,28,11,11,32,22,41,93,16,13,12,11,41,11,13,19,14,28,10,116,18,14,27,46,17,14,141,26,10,17,23,25,30,12,118,28,28,17,106,9,14,69,24,112,27,125,29,46,43,28,17,19,116,38,16,23,56,123,102,13,28,24,27,148,115,15,14,11,22,32,14,14,13,60,24,26,37,14,13,12,15,16,20,0,27,21,30,14,33,13,25,11,16,24,114,24,29,45,16,108,121,26,33,37,37,13,50,19,15,15,75,15,17,18,26,15,18,17,13,117,15,77,16,116,16,12,124
Sample676.mdl,35,24,23,30,39,22,22,45,29,52,88,27,24,21,22,48,22,24,24,27,33,23,111,25,21,34,47,28,23,140,37,21,24,30,22,37,23,121,29,33,22,103,24,25,62,31,109,32,122,34,53,42,29,26,22,121,51,23,28,55,122,103,24,27,31,22,151,114,22,27,22,21,37,25,25,24,61,31,31,44,25,24,21,26,23,21,27,0,20,31,25,46,26,30,24,23,27,113,21,32,42,29,109,122,33,32,40,44,24,49,26,22,24,70,22,24,27,35,26,23,24,24,118,26,76,23,115,25,23,125
Sample681.mdl,29,22,19,26,31,20,20,41,23,46,78,25,20,19,20,44,20,22,18,23,27,21,97,23,17,26,45,26,21,130,31,19,22,24,18,31,21,111,19,31,22,101,22,21,62,19,105,26,112,24,39,34,21,22,24,105,41,21,24,53,112,89,22,21,27,20,139,112,14,23,20,17,33,23,23,22,47,21,25,42,23,18,19,22,19,19,21,20,0,27,23,38,22,26,20,21,27,105,15,26,38,23,91,120,29,24,34,38,22,39,18,20,22,62,22,24,23,29,22,19,20,22,100,20,58,23,111,19,19,113
Sample683.mdl,32,27,26,33,44,25,25,46,34,53,93,30,27,24,25,51,25,27,23,30,32,26,120,28,24,31,58,31,24,143,42,24,27,31,31,36,26,122,32,36,27,112,27,26,77,32,120,37,127,33,58,51,36,27,29,124,48,26,31,60,127,110,27,36,32,33,154,117,23,30,25,28,42,26,28,27,68,34,32,43,28,25,26,29,24,28,30,31,27,0,28,47,29,35,27,24,32,120,26,37,43,30,112,127,28,37,45,49,27,42,31,25,27,73,23,29,30,40,27,22,27,27,121,29,81,26,118,26,24,130
Sample686.mdl,30,11,10,11,28,7,7,32,24,35,97,10,7,10,7,35,7,7,17,10,28,8,116,16,14,29,50,13,14,143,22,8,15,21,23,30,8,118,26,24,15,100,9,10,69,22,114,27,125,27,48,41,26,15,17,122,40,14,21,52,125,104,5,26,24,27,150,109,13,12,7,20,30,8,8,7,62,24,26,33,10,11,8,11,14,16,14,25,23,28,0,35,11,25,7,14,22,114,22,29,43,14,108,123,26,33,37,43,11,48,21,13,9,75,13,13,20,28,11,16,15,9,121,15,79,14,110,16,8,124
Sample69.mdl,49,32,31,36,39,34,32,27,39,46,96,35,34,35,34,42,34,34,40,35,45,29,127,39,33,44,63,36,37,144,39,33,38,42,42,45,33,121,45,47,38,115,34,33,78,43,121,48,128,48,61,62,47,38,40,115,43,37,44,73,122,115,34,49,45,44,149,128,34,33,34,41,49,35,35,34,69,45,47,54,37,34,33,34,35,43,33,46,38,47,35,0,36,48,32,35,45,119,43,42,66,39,115,118,47,48,52,52,34,65,44,36,34,86,38,38,41,45,34,39,38,34,120,38,88,39,129,35,31,129
Sample706.mdl,29,12,9,14,27,8,8,29,23,38,96,11,12,11,6,38,8,8,18,7,25,11,119,15,13,28,51,12,13,140,25,9,14,22,22,29,9,117,25,29,16,99,10,11,72,21,111,26,120,28,51,42,27,16,18,123,37,15,22,53,124,101,10,27,23,26,151,110,14,11,6,21,29,11,11,8,63,25,25,36,11,12,9,12,15,19,13,26,22,29,11,36,0,26,6,15,23,115,23,28,44,15,109,118,23,32,36,42,12,49,20,14,12,78,14,10,19,27,10,17,16,8,120,14,80,15,111,15,9,123
Sample716.mdl,35,26,23,30,41,22,22,45,25,50,90,27,24,21,22,48,22,24,24,27,35,25,111,25,25,32,45,24,21,134,37,21,24,30,30,35,23,111,29,31,22,99,24,25,62,27,103,30,118,26,55,38,33,24,28,117,53,23,24,53,114,95,24,27,29,30,143,108,22,27,22,23,39,25,23,24,53,31,29,42,25,24,23,28,25,21,25,30,26,35,25,48,26,0,24,25,29,105,29,38,42,27,101,116,33,36,44,40,24,47,22,22,26,72,22,28,25,31,26,25,26,24,112,26,74,25,109,23,23,117
Sample730.mdl,25,10,7,10,27,6,6,31,23,34,92,9,8,9,6,36,6,6,16,3,25,7,117,15,11,26,49,12,11,138,21,7,14,20,22,27,7,117,25,25,14,101,8,9,68,19,109,24,122,26,45,38,25,14,16,117,35,13,20,51,124,103,6,25,21,24,151,110,12,9,6,19,27,7,7,6,61,23,23,32,9,10,7,8,13,17,11,24,20,27,7,32,6,24,0,13,21,113,21,26,42,13,109,118,21,30,34,42,10,47,18,12,10,74,12,12,15,25,10,15,14,8,116,12,78,13,111,13,7,123
Sample732.mdl,26,15,12,19,30,11,11,28,22,41,89,16,13,10,11,39,11,13,17,16,22,14,108,16,12,27,48,17,12,143,26,10,15,15,19,24,12,120,20,28,15,104,13,12,69,20,114,23,125,25,46,41,26,13,17,116,42,14,21,54,125,102,13,26,24,25,152,113,11,16,11,18,30,14,14,13,56,26,26,35,14,9,12,17,10,18,16,23,21,24,14,35,15,25,13,0,20,116,22,29,43,16,102,123,22,25,31,41,13,46,21,13,15,75,11,17,18,26,13,12,15,13,113,15,71,14,114,14,10,124
Sample742.mdl,32,21,20,25,36,19,17,40,24,45,99,24,19,16,17,47,17,19,25,24,30,22,112,22,20,33,44,25,20,139,34,18,21,27,27,32,18,120,26,34,17,104,21,20,69,28,110,25,121,29,54,43,28,19,23,126,50,20,27,52,121,108,21,32,30,27,150,111,17,22,19,18,34,22,22,19,64,32,30,41,20,19,18,25,18,24,24,27,27,32,22,45,23,29,21,20,0,112,26,35,43,20,112,119,28,31,41,49,21,48,27,19,23,81,21,23,24,34,23,20,21,21,123,21,81,22,112,22,18,120
Sample744.mdl,114,113,114,115,114,113,115,122,112,125,141,116,113,116,115,117,117,115,117,114,122,114,146,110,114,109,104,115,114,89,114,114,111,117,111,116,116,90,110,114,113,140,115,114,99,110,100,115,99,111,122,103,108,117,119,170,116,112,109,106,103,156,113,116,120,109,126,133,113,116,113,108,120,116,114,115,114,110,116,121,116,115,116,113,114,112,114,113,105,120,114,119,115,105,113,116,112,0,114,109,119,116,156,109,124,111,119,117,115,108,107,115,113,121,119,117,114,116,115,118,117,115,157,119,129,118,132,112,116,118
Sample745.mdl,34,21,20,27,38,19,19,42,28,49,87,24,21,18,19,47,19,21,15,24,28,20,100,20,20,29,52,25,22,137,36,16,21,29,21,34,20,114,20,28,17,100,21,22,69,28,112,29,123,29,50,37,24,23,23,114,48,18,21,50,121,104,21,28,24,23,142,111,15,24,19,22,38,22,22,21,62,20,30,39,22,21,20,23,20,20,24,21,15,26,22,43,23,29,21,22,26,114,0,29,39,26,100,125,30,27,35,41,21,38,25,19,21,77,21,23,26,30,21,16,21,21,109,23,67,20,112,22,20,122
Sample752.mdl,33,28,23,32,37,28,26,45,33,48,86,29,30,27,28,50,28,30,30,29,35,29,117,27,25,34,57,30,29,134,43,27,26,36,30,35,27,109,35,39,28,109,30,29,74,29,107,32,122,34,49,52,35,30,30,109,47,27,32,59,118,99,28,37,35,30,143,118,24,27,26,29,37,31,31,30,61,31,33,50,31,28,29,28,27,27,29,32,26,37,29,42,28,38,26,29,35,109,29,0,54,33,107,118,37,40,38,48,28,49,30,28,26,80,30,28,29,35,28,31,30,28,108,30,78,31,121,29,27,113
Sample754.mdl,51,44,41,46,57,40,38,61,43,68,104,45,40,37,38,68,38,40,40,45,51,43,121,41,43,52,63,46,39,134,57,39,42,48,42,55,39,125,39,47,36,93,42,43,80,43,117,50,120,44,63,48,43,42,44,127,67,39,38,49,116,111,42,37,49,42,157,108,40,43,40,37,57,43,43,40,69,45,41,54,41,42,39,46,41,33,45,42,38,43,43,66,44,42,42,43,43,119,39,54,0,45,121,132,51,52,60,56,42,53,40,40,44,64,38,44,43,51,44,41,40,42,124,40,90,43,101,39,41,119
Sample771.mdl,32,15,14,17,30,9,9,34,24,43,95,16,13,12,9,39,9,11,21,16,30,14,118,20,16,31,54,17,16,147,26,12,19,21,25,32,10,122,28,32,17,106,13,12,73,26,112,27,127,25,52,47,30,15,19,124,40,18,23,54,127,106,13,30,28,29,156,115,13,14,11,18,34,14,14,11,60,30,28,39,12,13,10,17,14,22,16,29,23,30,14,39,15,27,13,16,20,116,26,33,45,0,110,125,28,35,39,45,15,52,23,15,15,79,17,15,22,32,15,18,17,13,117,17,75,18,116,18,10,130
Sample788.mdl,104,107,106,111,106,107,107,112,104,119,113,106,109,108,107,117,109,109,101,108,108,108,120,110,106,103,112,107,106,173,108,106,109,101,105,108,108,154,100,98,109,172,107,106,117,98,144,99,147,95,106,101,110,109,111,126,122,108,101,130,157,146,107,106,104,107,156,177,99,108,109,96,110,110,108,109,88,88,108,125,110,103,108,109,102,100,108,109,91,112,108,115,109,101,109,102,112,156,100,107,121,110,0,163,114,103,101,101,105,108,101,107,103,127,109,111,110,110,109,104,109,103,101,109,101,110,176,104,106,156
Sample792.mdl,119,120,121,124,123,124,122,127,117,134,146,123,122,123,122,128,124,122,126,115,123,119,163,117,121,128,123,120,123,112,121,121,118,124,126,123,123,109,117,121,120,149,122,119,110,119,109,126,100,126,131,120,117,126,126,165,125,119,120,113,102,167,118,127,125,120,129,134,118,119,120,119,125,125,121,122,127,125,129,124,121,120,123,120,123,121,121,122,120,127,123,118,118,116,118,123,119,109,125,118,132,125,163,0,123,118,134,126,122,121,116,124,120,148,124,124,123,121,124,125,124,122,168,126,144,127,133,121,121,123
Sample807.mdl,34,27,22,29,40,23,23,44,32,49,97,28,25,22,23,51,23,25,25,24,28,26,122,26,20,31,56,29,16,145,40,22,25,29,31,30,24,124,32,36,25,112,25,24,77,28,116,29,123,29,56,49,34,21,27,124,52,24,29,62,125,110,25,30,32,31,156,117,23,26,23,26,38,26,26,25,68,32,32,43,26,21,24,27,22,24,26,33,29,28,26,47,23,33,21,22,28,124,30,37,51,28,114,123,0,35,43,51,25,54,27,23,27,83,21,29,24,34,27,18,25,25,121,21,83,20,116,24,22,132
Sample809.mdl,35,30,27,36,43,30,30,47,37,50,86,35,32,29,30,52,30,32,30,33,29,31,101,31,27,36,51,36,27,136,41,29,30,32,32,33,31,121,27,41,30,113,32,31,68,25,109,34,118,36,51,44,35,30,34,113,55,29,34,65,120,103,32,31,37,32,145,122,28,33,30,25,35,33,33,32,59,31,39,48,33,30,29,32,27,33,33,32,24,37,33,48,32,36,30,25,31,111,27,40,52,35,103,118,35,0,44,52,32,51,34,28,32,76,32,34,33,39,32,25,30,32,106,30,70,33,121,27,29,119
Sample811.mdl,45,34,31,36,47,32,32,51,41,56,96,37,36,33,34,48,34,36,38,37,41,35,99,35,31,38,61,38,35,142,45,33,34,34,36,41,33,123,41,47,34,117,36,33,78,35,117,32,126,38,59,52,43,36,38,117,59,33,38,69,128,111,36,43,37,36,151,124,32,33,34,31,45,33,37,36,61,37,39,56,37,34,35,36,29,35,37,40,34,45,37,52,36,44,34,31,41,119,35,38,60,39,101,134,43,44,0,50,32,47,38,34,34,86,36,38,39,39,32,35,36,34,102,36,76,35,125,33,33,129
Sample818.mdl,49,42,39,46,51,38,40,47,31,68,88,43,42,39,40,58,40,42,38,45,49,37,115,41,41,48,51,44,41,140,47,37,40,44,40,49,41,117,43,39,42,115,38,43,72,43,109,48,122,40,59,48,49,44,42,101,59,41,40,65,116,101,42,41,39,44,145,122,38,43,38,41,55,41,43,42,59,39,47,58,43,42,39,44,41,35,37,44,38,49,43,52,42,40,42,41,49,117,41,48,56,45,101,126,51,52,50,0,40,59,36,40,42,82,40,40,43,45,40,43,42,42,112,44,76,41,121,37,41,125
Sample823.mdl,29,10,9,12,29,8,6,27,23,38,96,9,10,9,8,34,8,10,16,13,27,11,115,13,13,28,51,10,13,138,21,7,12,18,22,29,7,119,25,27,12,101,10,11,70,23,111,26,122,26,51,42,27,14,16,123,41,11,18,51,122,103,10,25,23,26,153,110,12,9,8,19,31,11,11,10,61,25,23,34,11,10,9,14,13,17,13,24,22,27,11,34,12,24,10,13,21,115,21,28,42,15,105,122,25,32,32,40,0,45,20,12,8,76,12,14,19,27,12,15,14,6,114,14,78,13,111,15,9,127
Sample839.mdl,48,49,46,51,60,47,47,66,54,71,99,52,47,46,47,71,47,49,43,50,52,48,92,48,44,51,60,53,44,129,60,44,49,49,47,56,48,108,40,52,45,116,49,48,71,46,110,49,119,47,66,49,44,47,51,126,70,46,49,66,117,112,47,52,50,41,138,119,39,48,47,44,60,50,48,49,70,42,44,61,50,45,48,49,46,44,50,49,39,42,48,65,49,47,47,46,48,108,38,49,53,52,108,121,54,51,47,59,45,0,47,45,47,73,49,51,50,54,47,46,49,49,105,49,77,50,120,42,46,122
Sample840.mdl,31,22,17,24,33,18,18,41,23,48,88,23,18,17,18,46,18,20,22,21,29,21,111,21,19,28,45,24,17,132,31,17,20,24,26,31,19,115,27,27,20,101,20,21,62,19,107,28,116,28,47,34,27,22,22,115,49,19,20,49,112,91,20,25,25,26,143,110,18,21,18,21,31,21,21,20,53,25,27,38,21,18,19,22,21,15,19,26,18,31,21,44,20,22,18,21,27,107,25,30,40,23,101,116,27,34,38,36,20,47,0,20,22,70,18,22,23,27,22,21,20,20,112,20,72,21,111,19,19,119
Sample845.mdl,25,12,11,16,31,10,8,33,21,40,94,15,10,7,8,38,8,10,16,15,21,11,115,15,7,22,47,16,7,142,27,9,14,20,18,25,9,121,23,25,12,101,12,13,66,21,113,20,126,20,49,40,25,6,8,123,41,13,20,51,124,101,12,21,21,22,153,110,12,13,10,15,29,13,13,10,59,21,17,34,11,12,9,14,9,17,15,22,20,25,13,36,14,22,12,13,19,115,19,28,40,15,107,124,23,28,34,40,12,45,20,0,12,72,12,12,15,27,14,15,6,12,118,8,76,9,111,9,11,125
Sample847.mdl,29,8,11,14,29,8,6,29,25,36,94,9,12,11,8,36,8,10,18,13,27,9,115,15,13,28,49,10,15,138,19,9,14,22,22,29,7,117,25,23,14,101,10,11,68,25,109,28,120,28,49,42,25,16,16,121,41,13,20,53,120,101,8,27,23,26,151,110,14,11,8,21,33,11,9,10,59,23,25,34,9,12,9,10,13,17,15,24,22,27,9,34,12,26,10,15,23,113,21,26,44,15,103,120,27,32,34,42,8,47,22,12,0,74,14,12,21,29,12,17,14,6,114,16,76,15,111,15,9,121
Sample85.mdl,69,76,75,78,81,76,76,93,75,94,96,79,74,75,76,94,76,76,76,77,81,73,133,79,73,76,73,78,73,136,79,75,78,76,62,85,77,141,75,69,78,143,76,77,80,69,123,78,136,78,81,78,69,76,76,141,93,77,78,101,126,119,74,75,81,68,167,154,74,77,76,67,81,77,73,76,77,71,73,90,77,74,75,72,75,71,75,70,62,73,75,86,78,72,74,75,81,121,77,80,64,79,127,148,83,76,86,82,76,73,70,72,74,0,74,76,79,79,78,75,72,78,132,76,94,79,151,71,75,141
Sample862.mdl,29,14,11,18,31,10,10,33,21,42,92,15,12,9,10,38,10,12,14,15,27,13,119,15,11,28,49,16,9,140,27,9,14,20,22,29,11,121,25,25,14,101,12,13,70,23,111,26,126,24,49,40,25,12,14,123,43,13,18,51,122,103,12,21,21,26,155,110,12,15,10,19,31,13,13,12,61,25,25,34,13,12,9,16,11,15,15,22,22,23,13,38,14,22,12,11,21,119,21,30,38,17,109,124,21,32,36,40,12,49,18,12,14,74,0,16,15,27,14,13,14,12,120,12,80,9,111,15,11,127
Sample864.mdl,29,12,13,16,29,10,8,33,23,42,96,13,12,11,8,38,8,10,20,15,29,11,119,17,15,30,51,14,15,144,27,11,16,24,20,31,9,119,25,29,16,103,12,13,70,25,113,30,124,30,53,44,27,16,14,125,41,17,24,53,124,97,12,29,25,28,155,114,16,13,8,21,33,13,13,10,63,27,27,38,11,14,9,12,13,21,17,24,24,29,13,38,10,28,12,17,23,117,23,28,44,15,111,124,29,34,38,40,14,51,22,12,12,76,16,0,21,31,12,19,14,12,122,16,80,17,115,15,11,125
Sample870.mdl,28,21,16,21,32,17,15,40,24,47,91,22,17,14,15,47,15,17,21,18,28,20,120,20,14,25,52,23,14,141,34,16,19,27,25,28,16,118,28,32,17,104,19,20,73,26,114,25,125,25,48,41,28,15,19,118,44,18,23,52,125,104,19,26,26,27,154,113,19,18,17,22,34,20,20,17,62,28,18,39,18,19,14,21,18,22,18,27,23,30,20,41,19,25,15,18,24,114,26,29,43,22,110,123,24,33,39,43,19,50,23,15,21,79,15,21,0,26,21,22,19,19,115,13,81,16,114,14,18,126
Sample874.mdl,38,29,24,31,40,25,25,44,30,53,89,30,27,24,25,53,25,27,29,28,36,28,110,28,26,33,54,25,26,143,40,22,27,35,31,40,26,118,36,36,27,112,27,28,73,30,114,35,123,37,52,47,36,29,31,116,56,26,31,64,123,104,27,36,30,35,154,121,23,28,25,30,40,28,28,27,64,32,32,47,28,27,26,27,28,26,26,35,29,40,28,45,27,31,25,26,34,116,30,35,51,32,110,121,34,39,39,45,27,54,27,27,29,79,27,31,26,0,23,30,29,27,113,27,79,28,122,26,26,124
Sample900.mdl,31,12,11,16,29,8,8,29,23,42,96,9,12,11,8,38,8,10,16,13,29,11,113,15,15,28,51,12,15,142,23,9,14,22,20,31,9,119,25,29,16,103,10,11,72,23,113,28,120,26,51,42,29,16,18,123,37,15,22,53,124,103,10,27,25,28,151,112,12,13,6,21,33,11,11,10,63,27,27,36,11,12,9,14,15,19,15,26,22,27,11,34,10,26,10,13,23,115,21,28,44,15,109,124,27,32,32,40,12,47,22,14,12,78,14,12,21,23,0,17,16,10,120,16,78,15,113,15,9,125
Sample91.mdl,30,17,14,21,32,13,13,32,24,43,91,18,15,12,13,41,13,15,11,18,22,16,110,18,14,27,50,19,12,143,30,12,17,17,21,26,14,120,20,28,17,102,15,14,71,20,116,27,127,23,48,39,26,15,19,118,44,16,21,52,125,102,15,22,24,23,152,113,13,18,13,16,32,16,16,15,58,26,28,35,16,13,14,19,10,18,18,23,19,22,16,39,17,25,15,12,20,118,16,31,41,18,104,125,18,25,35,43,15,46,21,15,17,75,13,19,22,30,17,0,17,15,113,15,71,12,114,16,12,126
Sample92.mdl,27,14,13,18,33,12,10,35,23,42,96,17,12,9,10,40,10,12,18,17,25,13,117,17,11,26,51,18,11,142,29,11,16,22,18,27,11,123,23,27,14,105,14,15,68,23,117,26,126,24,49,42,27,12,10,125,43,15,22,51,124,103,14,23,23,24,155,114,14,15,12,19,33,15,15,12,61,23,23,36,13,14,11,16,11,19,17,24,20,27,15,38,16,26,14,15,21,117,21,30,40,17,109,124,25,30,36,42,14,49,20,6,14,72,14,14,19,29,16,17,0,14,120,10,78,13,113,13,13,127
Sample951.mdl,29,8,9,12,29,6,4,25,23,38,98,7,10,9,4,36,6,6,16,9,25,9,119,13,13,28,51,8,13,140,19,7,12,20,22,29,5,119,25,27,12,99,8,9,72,23,113,26,122,26,51,42,27,14,16,125,39,11,18,51,122,105,8,25,23,26,153,108,12,9,6,19,29,9,9,6,63,25,23,34,9,10,7,12,13,17,13,24,22,27,9,34,8,24,8,13,21,115,21,28,42,13,103,122,25,32,34,42,6,49,20,12,6,78,12,12,19,27,10,15,14,0,118,14,80,13,109,15,7,125
Sample953.mdl,111,118,113,118,113,118,118,123,115,120,98,121,120,119,120,122,120,122,110,119,113,119,127,121,117,108,121,118,117,170,119,117,120,104,116,115,119,157,109,113,120,181,120,117,122,103,145,110,150,104,113,110,119,120,122,123,127,119,112,137,162,153,120,115,113,116,171,190,110,115,120,105,119,121,119,122,83,107,117,134,121,114,119,118,113,111,117,118,100,121,121,120,120,112,116,113,123,157,109,108,124,117,101,168,121,106,102,112,114,105,112,118,114,132,120,122,115,113,120,113,120,118,0,120,90,121,187,115,117,155
Sample974.mdl,27,16,11,16,31,12,10,35,23,42,98,17,12,9,10,42,10,12,16,15,21,15,117,17,9,26,51,18,7,144,29,11,16,22,24,25,11,123,25,29,14,105,14,15,72,21,117,22,126,20,49,40,27,10,12,125,43,15,22,53,126,103,14,19,21,26,153,114,14,13,12,19,31,15,15,12,61,23,17,36,13,14,11,16,11,19,15,26,20,29,15,38,14,26,12,15,21,119,23,30,40,17,109,126,21,30,36,44,14,49,20,8,16,76,12,16,13,27,16,15,10,14,120,0,78,9,113,11,13,125
Sample983.mdl,75,78,77,82,79,78,78,91,77,92,92,83,76,77,78,94,78,80,70,81,77,77,105,81,75,76,87,80,75,152,81,75,80,66,74,75,79,139,67,77,80,147,78,77,88,67,129,70,140,68,83,78,71,78,80,119,93,79,80,105,136,117,78,77,71,74,153,158,68,79,76,63,81,81,75,80,41,67,79,92,79,70,77,78,73,73,77,76,58,81,79,88,80,74,78,71,81,129,67,78,90,75,101,144,83,70,76,76,78,77,72,76,76,94,80,80,81,79,78,71,78,80,90,78,0,81,157,73,77,137
Sample984.mdl,30,15,10,19,32,9,11,34,24,43,97,16,13,10,11,39,11,13,15,16,24,14,120,16,8,27,50,17,10,147,26,10,15,21,23,28,12,122,26,28,15,104,13,14,73,24,116,23,127,21,52,41,28,9,13,124,42,14,21,54,127,106,13,20,22,27,156,111,13,16,11,20,32,12,14,13,64,24,22,35,14,13,10,17,12,18,16,23,23,26,14,39,15,25,13,14,22,118,20,31,43,18,110,127,20,33,35,41,13,50,21,9,15,79,9,17,16,28,15,12,13,13,121,9,81,0,112,14,12,130
Sample990.mdl,118,113,110,113,124,107,109,122,110,133,175,110,109,110,109,125,111,109,113,110,122,112,178,104,114,117,124,113,110,145,118,110,105,119,113,122,110,120,106,114,107,102,111,112,129,108,122,117,133,107,134,99,112,113,117,192,118,106,99,78,113,166,109,110,118,111,162,11,111,112,107,110,122,110,110,109,134,112,110,107,106,113,112,113,112,104,116,115,111,118,110,129,111,109,111,114,112,132,112,121,101,116,176,133,116,121,125,121,111,120,111,111,111,151,111,115,114,122,113,114,113,109,187,113,157,112,0,112,110,132
Sample992.mdl,28,15,12,17,30,13,11,34,24,41,87,18,13,10,11,39,11,13,15,16,22,14,112,18,10,23,44,19,10,137,28,12,17,21,19,26,12,116,22,26,15,102,15,16,65,22,108,25,119,23,44,37,24,13,11,118,38,16,21,50,121,98,15,22,22,19,148,111,15,14,13,18,32,16,16,13,56,22,20,35,14,15,12,15,12,18,16,25,19,26,16,35,15,23,13,14,22,112,22,29,39,18,104,121,24,27,33,37,15,42,19,9,15,71,15,15,14,26,15,16,13,15,115,11,73,14,112,0,14,120
Sample994.mdl,26,9,8,13,24,5,5,26,18,35,93,10,9,8,5,33,5,7,15,10,24,8,116,14,10,25,48,11,12,143,22,6,13,17,19,24,6,120,22,26,13,100,7,6,69,20,110,23,121,23,48,41,24,11,15,120,36,12,19,52,123,102,7,24,22,23,152,109,9,8,5,16,28,8,8,7,58,24,24,33,8,7,6,11,10,16,12,23,19,24,8,31,9,23,7,10,18,116,20,27,41,10,106,121,22,29,33,41,9,46,19,11,9,75,11,11,18,26,9,12,13,7,117,13,77,12,110,14,0,124
Sample997.mdl,124,125,122,127,126,127,125,130,116,127,143,126,123,126,125,135,127,125,125,124,124,124,156,120,124,119,122,125,124,117,126,126,121,127,121,118,126,110,114,120,123,132,125,122,113,114,110,125,111,119,122,109,116,127,127,150,134,122,119,102,103,156,123,124,126,115,124,129,123,124,125,118,124,126,124,125,106,122,124,131,126,123,128,125,124,118,124,125,113,130,124,129,123,117,123,124,120,118,122,113,119,130,156,123,132,119,129,125,127,122,119,125,121,141,127,125,126,124,125,126,127,125,155,125,137,130,132,120,124,0
