<?xml version="1.0" encoding="UTF-8" standalone="yes" ?><cp:coreProperties xmlns:cp="http://schemas.openxmlformats.org/package/2006/metadata/core-properties" xmlns:dc="http://purl.org/dc/elements/1.1/" xmlns:dcmitype="http://purl.org/dc/dcmitype/" xmlns:dcterms="http://purl.org/dc/terms/" xmlns:xsi="http://www.w3.org/2001/XMLSchema-instance"><cp:category>model</cp:category><dcterms:created xsi:type="dcterms:W3CDTF">2018-07-30T22:16:59Z</dcterms:created><dc:creator>cyfuzz</dc:creator><cp:lastModifiedBy>ishaf</cp:lastModifiedBy><dcterms:modified xsi:type="dcterms:W3CDTF">2018-12-27T04:43:50Z</dcterms:modified><cp:revision>1.3</cp:revision><cp:version>R2018a</cp:version></cp:coreProperties>