<?xml version="1.0" encoding="utf-8"?>
<BlockDiagramDefaults>
  <SystemDefaults>
    <P Name="PaperOrientation">landscape</P>
    <P Name="PaperPositionMode">auto</P>
    <P Name="PaperType">usletter</P>
    <P Name="PaperUnits">inches</P>
    <P Name="TiledPaperMargins">[0.500000, 0.500000, 0.500000, 0.500000]</P>
    <P Name="TiledPageScale">1</P>
    <P Name="ShowPageBoundaries">off</P>
    <P Name="ModelBrowserVisibility">off</P>
    <P Name="ModelBrowserWidth">200</P>
    <P Name="ScreenColor">white</P>
    <P Name="ZoomFactor">100</P>
    <P Name="PortBlocksUseCompactNotation">off</P>
    <P Name="Open">off</P>
  </SystemDefaults>
  <BlockDefaults>
    <P Name="ForegroundColor">black</P>
    <P Name="BackgroundColor">white</P>
    <P Name="DropShadow">off</P>
    <P Name="NamePlacement">normal</P>
    <P Name="FontName">Helvetica</P>
    <P Name="FontSize">10</P>
    <P Name="FontWeight">normal</P>
    <P Name="FontAngle">normal</P>
    <P Name="ShowName">on</P>
    <P Name="HideAutomaticName">on</P>
    <P Name="BlockRotation">0</P>
    <P Name="BlockMirror">off</P>
  </BlockDefaults>
  <AnnotationDefaults>
    <P Name="HorizontalAlignment">center</P>
    <P Name="VerticalAlignment">middle</P>
    <P Name="ForegroundColor">black</P>
    <P Name="BackgroundColor">white</P>
    <P Name="DropShadow">off</P>
    <P Name="FontName">Helvetica</P>
    <P Name="FontSize">10</P>
    <P Name="FontWeight">normal</P>
    <P Name="FontAngle">normal</P>
    <P Name="MarkupType">model</P>
    <P Name="UseDisplayTextAsClickCallback">off</P>
    <P Name="AnnotationType">note_annotation</P>
    <P Name="FixedHeight">off</P>
    <P Name="FixedWidth">off</P>
    <P Name="Interpreter">off</P>
  </AnnotationDefaults>
  <LineDefaults>
    <P Name="FontName">Helvetica</P>
    <P Name="FontSize">9</P>
    <P Name="FontWeight">normal</P>
    <P Name="FontAngle">normal</P>
  </LineDefaults>
  <MaskDefaults SelfModifiable="off">
    <Display IconFrame="on" IconOpaque="opaque" RunInitForIconRedraw="analyze" IconRotate="none" PortRotate="default" IconUnits="autoscale"/>
    <MaskParameter Evaluate="on" Tunable="on" NeverSave="off" Internal="off" ReadOnly="off" Enabled="on" Visible="on" ToolTip="on"/>
    <DialogControl>
      <ControlOptions Visible="on" Enabled="on" Row="new" HorizontalStretch="on" PromptLocation="top" Orientation="horizontal" Expand="off" ShowFilter="on" ShowParameterName="on" WordWrap="on" AlignPrompts="off"/>
    </DialogControl>
  </MaskDefaults>
  <BlockParameterDefaults>
    <Block BlockType="ActionPort">
      <P Name="InitializeStates">held</P>
      <P Name="PropagateVarSize">Only when execution is resumed</P>
      <P Name="DisallowConstTsAndPrmTs">off</P>
      <P Name="ActionType">unset</P>
    </Block>
    <Block BlockType="Clock">
      <P Name="DisplayTime">off</P>
      <P Name="Decimation">10</P>
    </Block>
    <Block BlockType="Constant">
      <P Name="Value">1</P>
      <P Name="VectorParams1D">on</P>
      <P Name="SamplingMode">Sample based</P>
      <P Name="OutMin">[]</P>
      <P Name="OutMax">[]</P>
      <P Name="OutDataTypeStr">Inherit: Inherit from &apos;Constant value&apos;</P>
      <P Name="LockScale">off</P>
      <P Name="SampleTime">inf</P>
      <P Name="FramePeriod">inf</P>
      <P Name="PreserveConstantTs">off</P>
    </Block>
    <Block BlockType="DataTypeConversion">
      <P Name="OutMin">[]</P>
      <P Name="OutMax">[]</P>
      <P Name="OutDataTypeStr">Inherit: Inherit via back propagation</P>
      <P Name="LockScale">off</P>
      <P Name="ConvertRealWorld">Real World Value (RWV)</P>
      <P Name="RndMeth">Zero</P>
      <P Name="SaturateOnIntegerOverflow">on</P>
      <P Name="SampleTime">-1</P>
    </Block>
    <Block BlockType="Delay">
      <P Name="DelayLengthSource">Dialog</P>
      <P Name="DelayLength">2</P>
      <P Name="DelayLengthUpperLimit">100</P>
      <P Name="InitialConditionSource">Dialog</P>
      <P Name="InitialCondition">0.0</P>
      <P Name="ExternalReset">None</P>
      <P Name="ShowEnablePort">off</P>
      <P Name="PreventDirectFeedthrough">off</P>
      <P Name="DiagnosticForDelayLength">None</P>
      <P Name="RemoveDelayLengthCheckInGeneratedCode">off</P>
      <P Name="InputProcessing">Elements as channels (sample based)</P>
      <P Name="UseCircularBuffer">off</P>
      <P Name="SampleTime">-1</P>
      <P Name="StateMustResolveToSignalObject">off</P>
      <P Name="CodeGenStateStorageClass">Auto</P>
    </Block>
    <Block BlockType="Demux">
      <P Name="Outputs">4</P>
      <P Name="DisplayOption">none</P>
      <P Name="BusSelectionMode">off</P>
    </Block>
    <Block BlockType="DigitalClock">
      <P Name="SampleTime">1</P>
    </Block>
    <Block BlockType="DiscreteFilter">
      <P Name="NumeratorSource">Dialog</P>
      <P Name="Numerator">[1]</P>
      <P Name="DenominatorSource">Dialog</P>
      <P Name="Denominator">[1 0.5]</P>
      <P Name="InitialStatesSource">Dialog</P>
      <P Name="InitialStates">0</P>
      <P Name="InputProcessing">Elements as channels (sample based)</P>
      <P Name="ExternalReset">None</P>
      <P Name="InitialDenominatorStates">0</P>
      <P Name="FilterStructure">Direct form II</P>
      <P Name="SampleTime">-1</P>
      <P Name="a0EqualsOne">off</P>
      <P Name="NumCoefMin">[]</P>
      <P Name="NumCoefMax">[]</P>
      <P Name="DenCoefMin">[]</P>
      <P Name="DenCoefMax">[]</P>
      <P Name="OutMin">[]</P>
      <P Name="OutMax">[]</P>
      <P Name="StateDataTypeStr">Inherit: Same as input</P>
      <P Name="MultiplicandDataTypeStr">Inherit: Same as input</P>
      <P Name="NumCoefDataTypeStr">Inherit: Inherit via internal rule</P>
      <P Name="DenCoefDataTypeStr">Inherit: Inherit via internal rule</P>
      <P Name="NumProductDataTypeStr">Inherit: Inherit via internal rule</P>
      <P Name="DenProductDataTypeStr">Inherit: Inherit via internal rule</P>
      <P Name="NumAccumDataTypeStr">Inherit: Inherit via internal rule</P>
      <P Name="DenAccumDataTypeStr">Inherit: Inherit via internal rule</P>
      <P Name="OutDataTypeStr">Inherit: Inherit via internal rule</P>
      <P Name="LockScale">off</P>
      <P Name="RndMeth">Floor</P>
      <P Name="SaturateOnIntegerOverflow">off</P>
      <P Name="StateMustResolveToSignalObject">off</P>
      <P Name="RTWStateStorageClass">Auto</P>
    </Block>
    <Block BlockType="DiscreteFir">
      <P Name="CoefSource">Dialog parameters</P>
      <P Name="FilterStructure">Direct form</P>
      <P Name="Coefficients">[0.5 0.5]</P>
      <P Name="InputProcessing">Elements as channels (sample based)</P>
      <P Name="ExternalReset">None</P>
      <P Name="ShowEnablePort">off</P>
      <P Name="InitialStates">0</P>
      <P Name="SampleTime">-1</P>
      <P Name="CoefMin">[]</P>
      <P Name="CoefMax">[]</P>
      <P Name="OutMin">[]</P>
      <P Name="OutMax">[]</P>
      <P Name="TapSumDataTypeStr">Inherit: Same as input</P>
      <P Name="CoefDataTypeStr">Inherit: Same word length as input</P>
      <P Name="ProductDataTypeStr">Inherit: Inherit via internal rule</P>
      <P Name="AccumDataTypeStr">Inherit: Inherit via internal rule</P>
      <P Name="StateDataTypeStr">Inherit: Same as accumulator</P>
      <P Name="OutDataTypeStr">Inherit: Same as accumulator</P>
      <P Name="LockScale">off</P>
      <P Name="RndMeth">Floor</P>
      <P Name="SaturateOnIntegerOverflow">off</P>
      <P Name="StateMustResolveToSignalObject">off</P>
      <P Name="RTWStateStorageClass">Auto</P>
    </Block>
    <Block BlockType="DiscreteIntegrator">
      <P Name="IntegratorMethod">Integration: Forward Euler</P>
      <P Name="gainval">1.0</P>
      <P Name="ExternalReset">none</P>
      <P Name="InitialConditionSource">internal</P>
      <P Name="InitialCondition">0</P>
      <P Name="InitialConditionSetting">Output</P>
      <P Name="SampleTime">1</P>
      <P Name="OutMin">[]</P>
      <P Name="OutMax">[]</P>
      <P Name="OutDataTypeStr">Inherit: Inherit via internal rule</P>
      <P Name="LockScale">off</P>
      <P Name="RndMeth">Floor</P>
      <P Name="SaturateOnIntegerOverflow">off</P>
      <P Name="LimitOutput">off</P>
      <P Name="UpperSaturationLimit">inf</P>
      <P Name="LowerSaturationLimit">-inf</P>
      <P Name="ShowSaturationPort">off</P>
      <P Name="ShowStatePort">off</P>
      <P Name="IgnoreLimit">off</P>
      <P Name="StateMustResolveToSignalObject">off</P>
      <P Name="RTWStateStorageClass">Auto</P>
    </Block>
    <Block BlockType="DiscretePulseGenerator">
      <P Name="PulseType">Sample based</P>
      <P Name="TimeSource">Use simulation time</P>
      <P Name="Amplitude">1</P>
      <P Name="Period">2</P>
      <P Name="PulseWidth">1</P>
      <P Name="PhaseDelay">0</P>
      <P Name="SampleTime">1</P>
      <P Name="VectorParams1D">on</P>
    </Block>
    <Block BlockType="DiscreteStateSpace">
      <P Name="A">1</P>
      <P Name="B">1</P>
      <P Name="C">1</P>
      <P Name="D">1</P>
      <P Name="InitialCondition">0</P>
      <P Name="SampleTime">1</P>
      <P Name="StateMustResolveToSignalObject">off</P>
      <P Name="RTWStateStorageClass">Auto</P>
      <P Name="Realization">auto</P>
    </Block>
    <Block BlockType="DiscreteTransferFcn">
      <P Name="NumeratorSource">Dialog</P>
      <P Name="Numerator">[1]</P>
      <P Name="DenominatorSource">Dialog</P>
      <P Name="Denominator">[1 0.5]</P>
      <P Name="InitialStatesSource">Dialog</P>
      <P Name="InitialStates">0</P>
      <P Name="InputProcessing">Elements as channels (sample based)</P>
      <P Name="ExternalReset">None</P>
      <P Name="InitialDenominatorStates">0</P>
      <P Name="FilterStructure">Direct form II</P>
      <P Name="SampleTime">-1</P>
      <P Name="a0EqualsOne">off</P>
      <P Name="NumCoefMin">[]</P>
      <P Name="NumCoefMax">[]</P>
      <P Name="DenCoefMin">[]</P>
      <P Name="DenCoefMax">[]</P>
      <P Name="OutMin">[]</P>
      <P Name="OutMax">[]</P>
      <P Name="StateDataTypeStr">Inherit: Same as input</P>
      <P Name="MultiplicandDataTypeStr">Inherit: Same as input</P>
      <P Name="NumCoefDataTypeStr">Inherit: Inherit via internal rule</P>
      <P Name="DenCoefDataTypeStr">Inherit: Inherit via internal rule</P>
      <P Name="NumProductDataTypeStr">Inherit: Inherit via internal rule</P>
      <P Name="DenProductDataTypeStr">Inherit: Inherit via internal rule</P>
      <P Name="NumAccumDataTypeStr">Inherit: Inherit via internal rule</P>
      <P Name="DenAccumDataTypeStr">Inherit: Inherit via internal rule</P>
      <P Name="OutDataTypeStr">Inherit: Inherit via internal rule</P>
      <P Name="LockScale">off</P>
      <P Name="RndMeth">Floor</P>
      <P Name="SaturateOnIntegerOverflow">off</P>
      <P Name="StateMustResolveToSignalObject">off</P>
      <P Name="RTWStateStorageClass">Auto</P>
    </Block>
    <Block BlockType="DiscreteZeroPole">
      <P Name="Zeros">[1]</P>
      <P Name="Poles">[0 1]</P>
      <P Name="Gain">[1]</P>
      <P Name="SampleTime">1</P>
      <P Name="StateMustResolveToSignalObject">off</P>
      <P Name="RTWStateStorageClass">Auto</P>
    </Block>
    <Block BlockType="Display">
      <P Name="Format">short</P>
      <P Name="Decimation">10</P>
      <P Name="Floating">off</P>
      <P Name="Lockdown">off</P>
      <P Name="SampleTime">-1</P>
    </Block>
    <Block BlockType="FromWorkspace">
      <P Name="VariableName">simulink_input</P>
      <P Name="OutDataTypeStr">Inherit: auto</P>
      <P Name="SampleTime">-1</P>
      <P Name="Interpolate">on</P>
      <P Name="ZeroCross">off</P>
      <P Name="OutputAfterFinalValue">Extrapolation</P>
    </Block>
    <Block BlockType="Ground"/>
    <Block BlockType="If">
      <P Name="NumInputs">1</P>
      <P Name="IfExpression">u1 &gt; 0</P>
      <P Name="ShowElse">on</P>
      <P Name="ZeroCross">on</P>
      <P Name="SampleTime">-1</P>
    </Block>
    <Block BlockType="Inport">
      <P Name="Port">1</P>
      <P Name="OutputFunctionCall">off</P>
      <P Name="OutMin">[]</P>
      <P Name="OutMax">[]</P>
      <P Name="OutDataTypeStr">Inherit: auto</P>
      <P Name="LockScale">off</P>
      <P Name="BusOutputAsStruct">off</P>
      <P Name="Unit">inherit</P>
      <P Name="PortDimensions">-1</P>
      <P Name="VarSizeSig">Inherit</P>
      <P Name="SampleTime">-1</P>
      <P Name="SignalType">auto</P>
      <P Name="SamplingMode">auto</P>
      <P Name="LatchByDelayingOutsideSignal">off</P>
      <P Name="LatchInputForFeedbackSignals">off</P>
      <P Name="Interpolate">on</P>
    </Block>
    <Block BlockType="Outport">
      <P Name="Port">1</P>
      <P Name="OutMin">[]</P>
      <P Name="OutMax">[]</P>
      <P Name="OutDataTypeStr">Inherit: auto</P>
      <P Name="LockScale">off</P>
      <P Name="BusOutputAsStruct">off</P>
      <P Name="Unit">inherit</P>
      <P Name="PortDimensions">-1</P>
      <P Name="VarSizeSig">Inherit</P>
      <P Name="SampleTime">-1</P>
      <P Name="SignalType">auto</P>
      <P Name="SamplingMode">auto</P>
      <P Name="EnsureOutportIsVirtual">off</P>
      <P Name="SourceOfInitialOutputValue">Dialog</P>
      <P Name="OutputWhenDisabled">held</P>
      <P Name="InitialOutput">[]</P>
      <P Name="MustResolveToSignalObject">off</P>
      <P Name="OutputWhenUnConnected">off</P>
      <P Name="OutputWhenUnconnectedValue">0</P>
      <P Name="VectorParamsAs1DForOutWhenUnconnected">off</P>
    </Block>
    <Block BlockType="RandomNumber">
      <P Name="Mean">0</P>
      <P Name="Variance">1</P>
      <P Name="Seed">0</P>
      <P Name="SampleTime">-1</P>
      <P Name="VectorParams1D">on</P>
    </Block>
    <Block BlockType="Scope">
      <P Name="DefaultConfigurationName">Simulink.scopes.TimeScopeBlockCfg</P>
    </Block>
    <Block BlockType="SignalGenerator">
      <P Name="WaveForm">sine</P>
      <P Name="TimeSource">Use simulation time</P>
      <P Name="Amplitude">1</P>
      <P Name="Frequency">1</P>
      <P Name="Units">Hertz</P>
      <P Name="VectorParams1D">on</P>
    </Block>
    <Block BlockType="Sin">
      <P Name="SineType">Time based</P>
      <P Name="TimeSource">Use simulation time</P>
      <P Name="Amplitude">1</P>
      <P Name="Bias">0</P>
      <P Name="Frequency">1</P>
      <P Name="Phase">0</P>
      <P Name="Samples">10</P>
      <P Name="Offset">0</P>
      <P Name="SampleTime">-1</P>
      <P Name="VectorParams1D">on</P>
    </Block>
    <Block BlockType="Step">
      <P Name="Time">1</P>
      <P Name="Before">0</P>
      <P Name="After">1</P>
      <P Name="SampleTime">-1</P>
      <P Name="VectorParams1D">on</P>
      <P Name="ZeroCross">on</P>
    </Block>
    <Block BlockType="SubSystem">
      <P Name="ShowPortLabels">FromPortIcon</P>
      <P Name="Permissions">ReadWrite</P>
      <P Name="PermitHierarchicalResolution">All</P>
      <P Name="TreatAsAtomicUnit">off</P>
      <P Name="MinAlgLoopOccurrences">off</P>
      <P Name="PropExecContextOutsideSubsystem">off</P>
      <P Name="SystemSampleTime">-1</P>
      <P Name="RTWSystemCode">Auto</P>
      <P Name="RTWFcnNameOpts">Auto</P>
      <P Name="RTWFileNameOpts">Auto</P>
      <P Name="FunctionInterfaceSpec">void_void</P>
      <P Name="FunctionWithSeparateData">off</P>
      <P Name="RTWMemSecFuncInitTerm">Inherit from model</P>
      <P Name="RTWMemSecFuncExecute">Inherit from model</P>
      <P Name="RTWMemSecDataConstants">Inherit from model</P>
      <P Name="RTWMemSecDataInternal">Inherit from model</P>
      <P Name="RTWMemSecDataParameters">Inherit from model</P>
      <P Name="SimViewingDevice">off</P>
      <P Name="DataTypeOverride">UseLocalSettings</P>
      <P Name="DataTypeOverrideAppliesTo">AllNumericTypes</P>
      <P Name="MinMaxOverflowLogging">UseLocalSettings</P>
      <P Name="Opaque">off</P>
      <P Name="MaskHideContents">off</P>
      <P Name="SFBlockType">NONE</P>
      <P Name="Variant">off</P>
      <P Name="GeneratePreprocessorConditionals">off</P>
      <P Name="AllowZeroVariantControls">off</P>
      <P Name="PropagateVariantConditions">off</P>
      <P Name="TreatAsGroupedWhenPropagatingVariantConditions">on</P>
      <P Name="ContentPreviewEnabled">off</P>
      <P Name="IsWebBlock">off</P>
      <P Name="IsObserver">off</P>
    </Block>
    <Block BlockType="Terminator"/>
    <Block BlockType="ToFile">
      <P Name="Filename">untitled.mat</P>
      <P Name="MatrixName">ans</P>
      <P Name="SaveFormat">Array</P>
      <P Name="Decimation">1</P>
      <P Name="SampleTime">-1</P>
    </Block>
    <Block BlockType="ToWorkspace">
      <P Name="VariableName">simulink_output</P>
      <P Name="MaxDataPoints">1000</P>
      <P Name="Decimation">1</P>
      <P Name="SaveFormat">Array</P>
      <P Name="Save2DSignal">Inherit from input (this choice will be removed - see release notes)</P>
      <P Name="FixptAsFi">off</P>
      <P Name="NumInputs">1</P>
      <P Name="SampleTime">0</P>
    </Block>
    <Block BlockType="UniformRandomNumber">
      <P Name="Minimum">-1</P>
      <P Name="Maximum">1</P>
      <P Name="Seed">0</P>
      <P Name="SampleTime">-1</P>
      <P Name="VectorParams1D">on</P>
    </Block>
    <Block BlockType="UnitDelay">
      <P Name="InitialCondition">0</P>
      <P Name="InputProcessing">Inherited</P>
      <P Name="SampleTime">1</P>
      <P Name="StateMustResolveToSignalObject">off</P>
      <P Name="CodeGenStateStorageClass">Auto</P>
      <P Name="HasFrameUpgradeWarning">on</P>
    </Block>
  </BlockParameterDefaults>
</BlockDiagramDefaults>
